-- MySQL dump 10.13  Distrib 5.7.28, for Linux (x86_64)
--
-- Host: 127.0.0.1    Database: media-tracker
-- ------------------------------------------------------
-- Server version	5.7.28-0ubuntu0.18.04.4

/*!40101 SET @OLD_CHARACTER_SET_CLIENT=@@CHARACTER_SET_CLIENT */;
/*!40101 SET @OLD_CHARACTER_SET_RESULTS=@@CHARACTER_SET_RESULTS */;
/*!40101 SET @OLD_COLLATION_CONNECTION=@@COLLATION_CONNECTION */;
/*!40101 SET NAMES utf8 */;
/*!40103 SET @OLD_TIME_ZONE=@@TIME_ZONE */;
/*!40103 SET TIME_ZONE='+00:00' */;
/*!40014 SET @OLD_UNIQUE_CHECKS=@@UNIQUE_CHECKS, UNIQUE_CHECKS=0 */;
/*!40014 SET @OLD_FOREIGN_KEY_CHECKS=@@FOREIGN_KEY_CHECKS, FOREIGN_KEY_CHECKS=0 */;
/*!40101 SET @OLD_SQL_MODE=@@SQL_MODE, SQL_MODE='NO_AUTO_VALUE_ON_ZERO' */;
/*!40111 SET @OLD_SQL_NOTES=@@SQL_NOTES, SQL_NOTES=0 */;

--
-- Table structure for table `actor`
--

DROP TABLE IF EXISTS `actor`;
/*!40101 SET @saved_cs_client     = @@character_set_client */;
/*!40101 SET character_set_client = utf8 */;
CREATE TABLE `actor` (
  `id` int(11) NOT NULL AUTO_INCREMENT,
  `actor_name` varchar(200) NOT NULL,
  PRIMARY KEY (`id`)
) ENGINE=InnoDB AUTO_INCREMENT=1200 DEFAULT CHARSET=utf8mb4;
/*!40101 SET character_set_client = @saved_cs_client */;

--
-- Dumping data for table `actor`
--

LOCK TABLES `actor` WRITE;
/*!40000 ALTER TABLE `actor` DISABLE KEYS */;
INSERT INTO `actor` VALUES (593,'Tom Holland'),(594,'Samuel L. Jackson'),(595,'Jake Gyllenhaal'),(596,'Tim Robbins'),(597,'Morgan Freeman'),(598,'Bob Gunton'),(599,'Marlon Brando'),(600,'Al Pacino'),(601,'James Caan'),(602,'Robert De Niro'),(603,'Robert Duvall'),(604,'Christian Bale'),(605,'Heath Ledger'),(606,'Aaron Eckhart'),(607,'Henry Fonda'),(608,'Lee J. Cobb'),(609,'Martin Balsam'),(610,'Liam Neeson'),(611,'Ralph Fiennes'),(612,'Ben Kingsley'),(613,'Elijah Wood'),(614,'Viggo Mortensen'),(615,'Ian McKellen'),(616,'John Travolta'),(617,'Uma Thurman'),(618,'Clint Eastwood'),(619,'Eli Wallach'),(620,'Lee Van Cleef'),(621,'Brad Pitt'),(622,'Edward Norton'),(623,'Meat Loaf'),(624,'Orlando Bloom'),(625,'Tom Hanks'),(626,'Robin Wright'),(627,'Gary Sinise'),(628,'Leonardo DiCaprio'),(629,'Joseph Gordon-Levitt'),(630,'Ellen Page'),(631,'Mark Hamill'),(632,'Harrison Ford'),(633,'Carrie Fisher'),(634,'Joaquin Phoenix'),(635,'Zazie Beetz'),(636,'Keanu Reeves'),(637,'Laurence Fishburne'),(638,'Carrie-Anne Moss'),(639,'Jack Nicholson'),(640,'Louise Fletcher'),(641,'Will Sampson'),(642,'Ray Liotta'),(643,'Joe Pesci'),(644,'Toshirô Mifune'),(645,'Takashi Shimura'),(646,'Keiko Tsushima'),(647,'Kevin Spacey'),(648,'Alexandre Rodrigues'),(649,'Leandro Firmino'),(650,'Matheus Nachtergaele'),(651,'Roberto Benigni'),(652,'Nicoletta Braschi'),(653,'Giorgio Cantarini'),(654,'Jodie Foster'),(655,'Anthony Hopkins'),(656,'Lawrence A. Bonney'),(657,'James Stewart'),(658,'Donna Reed'),(659,'Lionel Barrymore'),(660,'Matt Damon'),(661,'Tom Sizemore'),(662,'Daveigh Chase'),(663,'Suzanne Pleshette'),(664,'Miyu Irino'),(665,'Michael Clarke Duncan'),(666,'David Morse'),(667,'Jean Reno'),(668,'Gary Oldman'),(669,'Natalie Portman'),(670,'Matthew McConaughey'),(671,'Anne Hathaway'),(672,'Jessica Chastain'),(673,'Tatsuya Nakadai'),(674,'Akira Ishihama'),(675,'Shima Iwashita'),(676,'Gabriel Byrne'),(677,'Chazz Palminteri'),(678,'Matthew Broderick'),(679,'Jeremy Irons'),(680,'James Earl Jones'),(681,'Edward Furlong'),(682,'\"Beverly DAngelo\"'),(683,'Michael J. Fox'),(684,'Christopher Lloyd'),(685,'Lea Thompson'),(686,'Adrien Brody'),(687,'Thomas Kretschmann'),(688,'Frank Finlay'),(689,'Charles Chaplin'),(690,'Paulette Goddard'),(691,'Henry Bergman'),(692,'Arnold Schwarzenegger'),(693,'Linda Hamilton'),(694,'Anthony Perkins'),(695,'Janet Leigh'),(696,'Vera Miles'),(697,'François Cluzet'),(698,'Omar Sy'),(699,'Anne Le Ny'),(700,'Russell Crowe'),(701,'Connie Nielsen'),(702,'Virginia Cherrill'),(703,'Florence Lee'),(704,'Miles Teller'),(705,'J.K. Simmons'),(706,'Melissa Benoist'),(707,'Charles Bronson'),(708,'Claudia Cardinale'),(709,'Hugh Jackman'),(710,'Scarlett Johansson'),(711,'Humphrey Bogart'),(712,'Ingrid Bergman'),(713,'Paul Henreid'),(714,'Tsutomu Tatsumi'),(715,'Ayano Shiraishi'),(716,'Akemi Yamaguchi'),(717,'Robert Downey Jr.'),(718,'Chris Evans'),(719,'Mark Ruffalo'),(720,'Grace Kelly'),(721,'Wendell Corey'),(722,'Philippe Noiret'),(723,'Enzo Cannavale'),(724,'Antonella Attili'),(725,'Sigourney Weaver'),(726,'Tom Skerritt'),(727,'John Hurt'),(728,'Karen Allen'),(729,'Paul Freeman'),(730,'Guy Pearce'),(731,'Joe Pantoliano'),(732,'Martin Sheen'),(733,'Jack Oakie'),(734,'Kang-ho Song'),(735,'Yeo-jeong Jo'),(736,'So-dam Park'),(737,'Ulrich Mühe'),(738,'Martina Gedeck'),(739,'Sebastian Koch'),(740,'Jamie Foxx'),(741,'Christoph Waltz'),(742,'Chris Hemsworth'),(743,'Shelley Duvall'),(744,'Danny Lloyd'),(745,'Shameik Moore'),(746,'Jake Johnson'),(747,'Hailee Steinfeld'),(748,'Kirk Douglas'),(749,'Ralph Meeker'),(750,'Adolphe Menjou'),(751,'Ben Burtt'),(752,'Elissa Knight'),(753,'Jeff Garlin'),(754,'Yôji Matsuda'),(755,'Yuriko Ishida'),(756,'Yûko Tanaka'),(757,'William Holden'),(758,'Gloria Swanson'),(759,'Erich von Stroheim'),(760,'Peter Sellers'),(761,'George C. Scott'),(762,'Sterling Hayden'),(763,'Min-sik Choi'),(764,'Ji-Tae Yoo'),(765,'Hye-jeong Kang'),(766,'Tyrone Power'),(767,'Marlene Dietrich'),(768,'Charles Laughton'),(769,'Tom Hardy'),(770,'James Woods'),(771,'Elizabeth McGovern'),(772,'Michael Biehn'),(773,'Carrie Henn'),(774,'Annette Bening'),(775,'Thora Birch'),(776,'Ryûnosuke Kamiki'),(777,'Mone Kamishiraishi'),(778,'Ryô Narita'),(779,'Anthony Gonzalez'),(780,'Gael García Bernal'),(781,'Benjamin Bratt'),(782,'Mel Gibson'),(783,'Sophie Marceau'),(784,'Patrick McGoohan'),(785,'Jürgen Prochnow'),(786,'Herbert Grönemeyer'),(787,'Klaus Wennemann'),(788,'Aamir Khan'),(789,'Madhavan'),(790,'Mona Singh'),(791,'Darsheel Safary'),(792,'Tisca Chopra'),(793,'Tim Allen'),(794,'Don Rickles'),(795,'Harvey Keitel'),(796,'Tim Roth'),(797,'Michael Madsen'),(798,'F. Murray Abraham'),(799,'Tom Hulce'),(800,'Elizabeth Berridge'),(801,'Sakshi Tanwar'),(802,'Fatima Sana Shaikh'),(803,'Diane Kruger'),(804,'Eli Roth'),(805,'Robin Williams'),(806,'Ben Affleck'),(807,'Peter Lorre'),(808,'Ellen Widmann'),(809,'Inge Landgut'),(810,'Ellen Burstyn'),(811,'Jared Leto'),(812,'Jennifer Connelly'),(813,'Keir Dullea'),(814,'Gary Lockwood'),(815,'William Sylvester'),(816,'Kim Novak'),(817,'Barbara Bel Geddes'),(818,'Jim Carrey'),(819,'Kate Winslet'),(820,'Tom Wilkinson'),(821,'Orson Welles'),(822,'Joseph Cotten'),(823,'Dorothy Comingore'),(824,'Mads Mikkelsen'),(825,'Thomas Bo Larsen'),(826,'Annika Wedderkopp'),(827,'Matthew Modine'),(828,'R. Lee Ermey'),(829,'\"Vincent DOnofrio\"'),(830,'Cary Grant'),(831,'Eva Marie Saint'),(832,'James Mason'),(833,'Malcolm McDowell'),(834,'Patrick Magee'),(835,'Michael Bates'),(836,'Jason Statham'),(837,'Benicio Del Toro'),(838,'Edna Purviance'),(839,'Jackie Coogan'),(840,'Audrey Tautou'),(841,'Mathieu Kassovitz'),(842,'Rufus'),(843,'Lamberto Maggiorani'),(844,'Enzo Staiola'),(845,'Lianella Carell'),(846,'Michelle Pfeiffer'),(847,'Steven Bauer'),(848,'Gene Kelly'),(849,'\"Donald OConnor\"'),(850,'Debbie Reynolds'),(851,'\"Peter OToole\"'),(852,'Alec Guinness'),(853,'Anthony Quinn'),(854,'Cybill Shepherd'),(855,'Joan Cusack'),(856,'Paul Newman'),(857,'Robert Redford'),(858,'Robert Shaw'),(859,'Brigitte Helm'),(860,'Alfred Abel'),(861,'Gustav Fröhlich'),(862,'Gian Maria Volontè'),(863,'Nobuo Kaneko'),(864,'\"Shinichi Himori\"'),(865,'Payman Maadi'),(866,'Leila Hatami'),(867,'Sareh Bayat'),(868,'Fred MacMurray'),(869,'Barbara Stanwyck'),(870,'Edward G. Robinson'),(871,'Gregory Peck'),(872,'John Megna'),(873,'Frank Overton'),(874,'Zain Al Rafeea'),(875,'Yordanos Shiferaw'),(876,'Boluwatife Treasure Bankole'),(877,'Sean Connery'),(878,'Alison Doody'),(879,'Jack Lemmon'),(880,'Shirley MacLaine'),(881,'Edward Asner'),(882,'Jordan Nagai'),(883,'John Ratzenberger'),(884,'Graham Chapman'),(885,'John Cleese'),(886,'Eric Idle'),(887,'Lubna Azabal'),(888,'Mélissa Désormeaux-Poulin'),(889,'Maxim Gaudette'),(890,'Val Kilmer'),(891,'Machiko Kyô'),(892,'Masayuki Mori'),(893,'Eijirô Tôno'),(894,'Michael Caine'),(895,'Ken Watanabe'),(896,'Bruce Willis'),(897,'Alan Rickman'),(898,'Bonnie Bedelia'),(899,'Gene Hackman'),(900,'Mahershala Ali'),(901,'Linda Cardellini'),(902,'Bruno Ganz'),(903,'Alexandra Maria Lara'),(904,'Ulrich Matthes'),(905,'Mohammad Amir Naji'),(906,'Amir Farrokh Hashemian'),(907,'Bahare Seddiqi'),(908,'Marilyn Monroe'),(909,'Tony Curtis'),(910,'Chieko Baishô'),(911,'Takuya Kimura'),(912,'Tatsuya Gashûin'),(913,'Steve McQueen'),(914,'James Garner'),(915,'Richard Attenborough'),(916,'Hitoshi Takagi'),(917,'Noriko Hidaka'),(918,'Chika Sakamoto'),(919,'Akira Terao'),(920,'Jinpachi Nezu'),(921,'Ed Harris'),(922,'Bette Davis'),(923,'Anne Baxter'),(924,'George Sanders'),(925,'Ivana Baquero'),(926,'Ariadna Gil'),(927,'Sergi López'),(928,'Aleksey Kravchenko'),(929,'Olga Mironova'),(930,'Liubomiras Laucevicius'),(931,'Sharon Stone'),(932,'Ricardo Darín'),(933,'Soledad Villamil'),(934,'Pablo Rago'),(935,'Cathy Moriarty'),(936,'Jason Flemyng'),(937,'Dexter Fletcher'),(938,'Nick Moran'),(939,'Mohanlal'),(940,'Kalabhavan Rahman'),(941,'Balaji Sarma'),(942,'Walter Huston'),(943,'Tim Holt'),(944,'Jonah Hill'),(945,'Margot Robbie'),(946,'Çetin Tekindor'),(947,'Fikret Kuskan'),(948,'Hümeyra'),(949,'Spencer Tracy'),(950,'Burt Lancaster'),(951,'Richard Widmark'),(952,'Frances McDormand'),(953,'Woody Harrelson'),(954,'Sam Rockwell'),(955,'Faye Dunaway'),(956,'John Huston'),(957,'Mack Swain'),(958,'Tom Murray'),(959,'Ray Milland'),(960,'Robert Cummings'),(961,'Daniel Day-Lewis'),(962,'Paul Dano'),(963,'Ciarán Hinds'),(964,'Amy Poehler'),(965,'Bill Hader'),(966,'Lewis Black'),(967,'Hugo Weaving'),(968,'Rupert Graves'),(969,'Max von Sydow'),(970,'Gunnar Björnstrand'),(971,'Bengt Ekerot'),(972,'Nick Nolte'),(973,'Joel Edgerton'),(974,'Brie Larson'),(975,'Jacob Tremblay'),(976,'Sean Bridgers'),(977,'Tommy Lee Jones'),(978,'Javier Bardem'),(979,'Josh Brolin'),(980,'Ewan McGregor'),(981,'Ewen Bremner'),(982,'Jonny Lee Miller'),(983,'Anne Bancroft'),(984,'Haley Joel Osment'),(985,'Toni Collette'),(986,'Emily Mortimer'),(987,'Ayushmann Khurrana'),(988,'Tabu'),(989,'Radhika Apte'),(990,'Kurt Russell'),(991,'Wilford Brimley'),(992,'Keith David'),(993,'Clark Gable'),(994,'Vivien Leigh'),(995,'Thomas Mitchell'),(996,'Jack Hawkins'),(997,'Rutger Hauer'),(998,'Sean Young'),(999,'Alida Valli'),(1000,'Karl Malden'),(1001,'Victor Sjöström'),(1002,'Bibi Andersson'),(1003,'Ingrid Thulin'),(1004,'Sam Neill'),(1005,'Laura Dern'),(1006,'Jeff Goldblum'),(1007,'Albert Brooks'),(1008,'Ellen DeGeneres'),(1009,'Alexander Gould'),(1010,'Sener Sen'),(1011,'Ugur Yücel'),(1012,'Sermin Hürmeriç'),(1013,'Bee Vang'),(1014,'Christopher Carley'),(1015,'William H. Macy'),(1016,'Steve Buscemi'),(1017,'David Carradine'),(1018,'Daryl Hannah'),(1019,'Christopher Walken'),(1020,'John Cazale'),(1021,'Alisa Freyndlikh'),(1022,'Aleksandr Kaydanovskiy'),(1023,'Anatoliy Solonitsyn'),(1024,'Laura Linney'),(1025,'Jeff Bridges'),(1026,'John Goodman'),(1027,'Julianne Moore'),(1028,'Chishû Ryû'),(1029,'Chieko Higashiyama'),(1030,'Sô Yamamura'),(1031,'Darío Grandinetti'),(1032,'María Marull'),(1033,'Mónica Villa'),(1034,'Philip Seymour Hoffman'),(1035,'Eric Bana'),(1036,'Pete Postlethwaite'),(1037,'Alison Crosbie'),(1038,'Rosamund Pike'),(1039,'Neil Patrick Harris'),(1040,'Andrew Garfield'),(1041,'Sam Worthington'),(1042,'Luke Bracey'),(1043,'Buster Keaton'),(1044,'Kathryn McGuire'),(1045,'Joe Keaton'),(1046,'Marion Mack'),(1047,'Glen Cavender'),(1048,'Jay Baruchel'),(1049,'Gerard Butler'),(1050,'Christopher Mintz-Plasse'),(1051,'Jean Arthur'),(1052,'Claude Rains'),(1053,'Sang-kyung Kim'),(1054,'Roe-ha Kim'),(1055,'Mathieu Amalric'),(1056,'Liv Ullmann'),(1057,'Margaretha Krook'),(1058,'Ethan Hawke'),(1059,'Julie Delpy'),(1060,'Andrea Eckert'),(1061,'Emile Hirsch'),(1062,'Vince Vaughn'),(1063,'Catherine Keener'),(1064,'George Kennedy'),(1065,'Strother Martin'),(1066,'Yves Montand'),(1067,'Charles Vanel'),(1068,'Peter van Eyck'),(1069,'Chiwetel Ejiofor'),(1070,'Michael Kenneth Williams'),(1071,'Michael Fassbender'),(1072,'Anton Walbrook'),(1073,'Marius Goring'),(1074,'Moira Shearer'),(1075,'Viola Davis'),(1076,'Peter Finch'),(1077,'Michael Palin'),(1078,'Wil Wheaton'),(1079,'River Phoenix'),(1080,'Corey Feldman'),(1081,'Charlize Theron'),(1082,'Nicholas Hoult'),(1083,'Maria Falconetti'),(1084,'Eugene Silvain'),(1085,'André Berley'),(1086,'Soha Ali Khan'),(1087,'Siddharth'),(1088,'Charlie Sheen'),(1089,'Tom Berenger'),(1090,'Willem Dafoe'),(1091,'Ivan Lapikov'),(1092,'Nikolay Grinko'),(1093,'Daniel Brühl'),(1094,'Olivia Wilde'),(1095,'Hilary Swank'),(1096,'Richard Gere'),(1097,'Joan Allen'),(1098,'Cary-Hiroyuki Tagawa'),(1099,'\"Ryan ONeal\"'),(1100,'Marisa Berenson'),(1101,'Patrick Stewart'),(1102,'Dafne Keen'),(1103,'Charlton Heston'),(1104,'Stephen Boyd'),(1105,'Sumi Shimamoto'),(1106,'Mahito Tsujimura'),(1107,'Hisako Kyôda'),(1108,'Don Cheadle'),(1109,'Sophie Okonedo'),(1110,'Emilio Echevarría'),(1111,'Goya Toledo'),(1112,'Daniel Radcliffe'),(1113,'Emma Watson'),(1114,'Rupert Grint'),(1115,'Jean-Pierre Léaud'),(1116,'Albert Rémy'),(1117,'Claire Maurier'),(1118,'Michael Keaton'),(1119,'Rachel McAdams'),(1120,'James Cagney'),(1121,'Virginia Mayo'),(1122,'\"Edmond OBrien\"'),(1123,'Robert Sean Leonard'),(1124,'Jan Sterling'),(1125,'Robert Arthur'),(1126,'Laurence Olivier'),(1127,'Joan Fontaine'),(1128,'Sylvester Stallone'),(1129,'Talia Shire'),(1130,'Burt Young'),(1131,'Billy Crystal'),(1132,'Mary Gibbs'),(1133,'Claudette Colbert'),(1134,'Walter Connolly'),(1135,'Vincent Cassel'),(1136,'Hubert Koundé'),(1137,'Saïd Taghmaoui'),(1138,'Manoj Bajpayee'),(1139,'Richa Chadha'),(1140,'Nawazuddin Siddiqui'),(1141,'Min-hee Kim'),(1142,'Jung-woo Ha'),(1143,'Jin-woong Cho'),(1144,'Raghuvir Yadav'),(1145,'Gracy Singh'),(1146,'Cary Elwes'),(1147,'Mandy Patinkin'),(1148,'Anushka Sharma'),(1149,'Sanjay Dutt'),(1150,'Arshad Warsi'),(1151,'Katharine Ross'),(1152,'Vernon Dobtcheff'),(1153,'Emma Stone'),(1154,'Octavia Spencer'),(1155,'Mitsuo Iwata'),(1156,'Nozomu Sasaki'),(1157,'Mami Koyama'),(1158,'Tony Chiu-Wai Leung'),(1159,'Maggie Cheung'),(1160,'Ping Lam Siu'),(1161,'Shah Rukh Khan'),(1162,'Gayatri Joshi'),(1163,'Kishori Ballal'),(1164,'Harry Dean Stanton'),(1165,'Nastassja Kinski'),(1166,'Dean Stockwell'),(1167,'Scott Weinger'),(1168,'Linda Larkin'),(1169,'Chris Pratt'),(1170,'Vin Diesel'),(1171,'Bradley Cooper'),(1172,'Andy Lau'),(1173,'Anthony Chau-Sang Wong'),(1174,'Brahim Hadjadj'),(1175,'Jean Martin'),(1176,'Yacef Saadi'),(1177,'Silvia Pinal'),(1178,'Jacqueline Andere'),(1179,'Enrique Rambal'),(1180,'Natalya Bondarchuk'),(1181,'Donatas Banionis'),(1182,'Jüri Järvet'),(1183,'Anna Paquin'),(1184,'James Van Der Beek'),(1185,'Cloris Leachman'),(1186,'Heather Langenkamp'),(1187,'Johnny Depp'),(1188,'Robert Englund'),(1189,'Jesse Eisenberg'),(1190,'Justin Timberlake'),(1191,'Steve Carell'),(1192,'Ryan Gosling'),(1193,'Daisy Ridley'),(1194,'John Boyega'),(1195,'Oscar Isaac'),(1196,'Michael Nyqvist'),(1197,'Alfie Allen'),(1198,'Riccardo Scamarcio'),(1199,'Ian McShane');
/*!40000 ALTER TABLE `actor` ENABLE KEYS */;
UNLOCK TABLES;

--
-- Table structure for table `actor_movie`
--

DROP TABLE IF EXISTS `actor_movie`;
/*!40101 SET @saved_cs_client     = @@character_set_client */;
/*!40101 SET character_set_client = utf8 */;
CREATE TABLE `actor_movie` (
  `movie_id` int(11) NOT NULL,
  `actor_id` int(11) NOT NULL,
  KEY `fk_ac_movie_id_idx` (`movie_id`),
  KEY `fk_actor_id_idx` (`actor_id`),
  CONSTRAINT `fk_ac_movie_id` FOREIGN KEY (`movie_id`) REFERENCES `movie` (`id`),
  CONSTRAINT `fk_actor_id` FOREIGN KEY (`actor_id`) REFERENCES `actor` (`id`)
) ENGINE=InnoDB DEFAULT CHARSET=utf8mb4;
/*!40101 SET character_set_client = @saved_cs_client */;

--
-- Dumping data for table `actor_movie`
--

LOCK TABLES `actor_movie` WRITE;
/*!40000 ALTER TABLE `actor_movie` DISABLE KEYS */;
INSERT INTO `actor_movie` VALUES (252,593),(252,594),(252,595),(253,596),(253,597),(253,598),(254,599),(254,600),(254,601),(255,600),(255,602),(255,603),(256,604),(256,605),(256,606),(257,607),(257,608),(257,609),(258,610),(258,611),(258,612),(259,613),(259,614),(259,615),(260,616),(260,617),(260,594),(261,618),(261,619),(261,620),(262,621),(262,622),(262,623),(263,613),(263,615),(263,624),(264,625),(264,626),(264,627),(265,628),(265,629),(265,630),(266,631),(266,632),(266,633),(267,634),(267,602),(267,635),(268,613),(268,615),(268,614),(269,636),(269,637),(269,638),(270,639),(270,640),(270,641),(271,602),(271,642),(271,643),(272,644),(272,645),(272,646),(273,597),(273,621),(273,647),(274,648),(274,649),(274,650),(275,651),(275,652),(275,653),(276,654),(276,655),(276,656),(277,657),(277,658),(277,659),(278,631),(278,632),(278,633),(279,625),(279,660),(279,661),(280,662),(280,663),(280,664),(281,625),(281,665),(281,666),(282,667),(282,668),(282,669),(283,670),(283,671),(283,672),(284,673),(284,674),(284,675),(285,647),(285,676),(285,677),(286,678),(286,679),(286,680),(287,622),(287,681),(287,682),(288,683),(288,684),(288,685),(289,686),(289,687),(289,688),(290,689),(290,690),(290,691),(291,692),(291,693),(291,681),(292,694),(292,695),(292,696),(293,697),(293,698),(293,699),(294,700),(294,634),(294,701),(295,689),(295,702),(295,703),(296,628),(296,660),(296,639),(297,704),(297,705),(297,706),(298,607),(298,707),(298,708),(299,604),(299,709),(299,710),(300,711),(300,712),(300,713),(301,714),(301,715),(301,716),(302,717),(302,718),(302,719),(303,657),(303,720),(303,721),(304,722),(304,723),(304,724),(305,725),(305,726),(305,727),(306,632),(306,728),(306,729),(307,730),(307,638),(307,731),(308,732),(308,599),(308,603),(309,689),(309,690),(309,733),(310,734),(310,735),(310,736),(311,737),(311,738),(311,739),(312,740),(312,741),(312,628),(313,717),(313,742),(313,719),(314,639),(314,743),(314,744),(315,745),(315,746),(315,747),(316,748),(316,749),(316,750),(317,751),(317,752),(317,753),(318,754),(318,755),(318,756),(319,757),(319,758),(319,759),(320,760),(320,761),(320,762),(321,763),(321,764),(321,765),(322,766),(322,767),(322,768),(323,604),(323,769),(323,671),(324,602),(324,770),(324,771),(325,725),(325,772),(325,773),(326,647),(326,774),(326,775),(327,776),(327,777),(327,778),(328,779),(328,780),(328,781),(329,782),(329,783),(329,784),(330,785),(330,786),(330,787),(331,788),(331,789),(331,790),(332,791),(332,788),(332,792),(333,631),(333,632),(333,633),(334,625),(334,793),(334,794),(335,795),(335,796),(335,797),(336,798),(336,799),(336,800),(337,788),(337,801),(337,802),(338,621),(338,803),(338,804),(339,805),(339,660),(339,806),(340,807),(340,808),(340,809),(341,810),(341,811),(341,812),(342,813),(342,814),(342,815),(343,657),(343,816),(343,817),(344,818),(344,819),(344,820),(345,821),(345,822),(345,823),(346,824),(346,825),(346,826),(347,827),(347,828),(347,829),(348,830),(348,831),(348,832),(349,833),(349,834),(349,835),(350,836),(350,621),(350,837),(351,689),(351,838),(351,839),(352,840),(352,841),(352,842),(353,843),(353,844),(353,845),(354,600),(354,846),(354,847),(355,848),(355,849),(355,850),(356,851),(356,852),(356,853),(357,602),(357,654),(357,854),(358,625),(358,793),(358,855),(359,856),(359,857),(359,858),(360,859),(360,860),(360,861),(361,618),(361,620),(361,862),(362,645),(362,863),(362,864),(363,865),(363,866),(363,867),(364,868),(364,869),(364,870),(365,871),(365,872),(365,873),(366,874),(366,875),(366,876),(367,632),(367,877),(367,878),(368,879),(368,880),(368,868),(369,881),(369,882),(369,883),(370,647),(370,700),(370,730),(371,884),(371,885),(371,886),(372,887),(372,888),(372,889),(373,600),(373,602),(373,890),(374,644),(374,891),(374,892),(375,644),(375,893),(375,673),(376,604),(376,894),(376,895),(377,896),(377,897),(377,898),(378,618),(378,899),(378,597),(379,614),(379,900),(379,901),(380,902),(380,903),(380,904),(381,905),(381,906),(381,907),(382,908),(382,909),(382,879),(383,910),(383,911),(383,912),(384,913),(384,914),(384,915),(385,916),(385,917),(385,918),(386,673),(386,919),(386,920),(387,700),(387,921),(387,812),(388,922),(388,923),(388,924),(389,925),(389,926),(389,927),(390,928),(390,929),(390,930),(391,602),(391,931),(391,643),(392,932),(392,933),(392,934),(393,602),(393,935),(393,643),(394,936),(394,937),(394,938),(395,939),(395,940),(395,941),(396,711),(396,942),(396,943),(397,628),(397,944),(397,945),(398,946),(398,947),(398,948),(399,949),(399,950),(399,951),(400,952),(400,953),(400,954),(401,639),(401,955),(401,956),(402,689),(402,957),(402,958),(403,959),(403,720),(403,960),(404,961),(404,962),(404,963),(405,964),(405,965),(405,966),(406,967),(406,669),(406,968),(407,969),(407,970),(407,971),(408,769),(408,972),(408,973),(409,974),(409,975),(409,976),(410,977),(410,978),(410,979),(411,980),(411,981),(411,982),(412,655),(412,727),(412,983),(413,896),(413,984),(413,985),(414,628),(414,986),(414,719),(415,987),(415,988),(415,989),(416,990),(416,991),(416,992),(417,993),(417,994),(417,995),(418,757),(418,852),(418,996),(419,632),(419,997),(419,998),(420,821),(420,822),(420,999),(421,599),(421,1000),(421,608),(422,1001),(422,1002),(422,1003),(423,1004),(423,1005),(423,1006),(424,1007),(424,1008),(424,1009),(425,1010),(425,1011),(425,1012),(426,618),(426,1013),(426,1014),(427,1015),(427,952),(427,1016),(428,617),(428,1017),(428,1018),(429,602),(429,1019),(429,1020),(430,1021),(430,1022),(430,1023),(431,818),(431,921),(431,1024),(432,1025),(432,1026),(432,1027),(433,1028),(433,1029),(433,1030),(434,1031),(434,1032),(434,1033),(435,985),(435,1034),(435,1035),(436,961),(436,1036),(436,1037),(437,806),(437,1038),(437,1039),(438,1040),(438,1041),(438,1042),(439,1043),(439,1044),(439,1045),(440,1043),(440,1046),(440,1047),(441,1048),(441,1049),(441,1050),(442,657),(442,1051),(442,1052),(443,734),(443,1053),(443,1054),(444,611),(444,798),(444,1055),(445,1002),(445,1056),(445,1057),(446,1058),(446,1059),(446,1060),(447,628),(447,625),(447,1019),(448,1061),(448,1062),(448,1063),(449,856),(449,1064),(449,1065),(450,1066),(450,1067),(450,1068),(451,1069),(451,1070),(451,1071),(452,1072),(452,1073),(452,1074),(453,709),(453,595),(453,1075),(454,955),(454,757),(454,1076),(455,884),(455,885),(455,1077),(456,1078),(456,1079),(456,1080),(457,769),(457,1081),(457,1082),(458,1083),(458,1084),(458,1085),(459,788),(459,1086),(459,1087),(460,1088),(460,1089),(460,1090),(461,1023),(461,1091),(461,1092),(462,1093),(462,742),(462,1094),(463,1095),(463,618),(463,597),(464,1096),(464,1097),(464,1098),(465,1099),(465,1100),(465,834),(466,709),(466,1101),(466,1102),(467,1103),(467,996),(467,1104),(468,1105),(468,1106),(468,1107),(469,1108),(469,1109),(469,634),(470,1110),(470,780),(470,1111),(471,1112),(471,1113),(471,1114),(472,1115),(472,1116),(472,1117),(473,719),(473,1118),(473,1119),(474,1120),(474,1121),(474,1122),(475,805),(475,1123),(475,1058),(476,748),(476,1124),(476,1125),(477,1126),(477,1127),(477,924),(478,1128),(478,1129),(478,1130),(479,1131),(479,1026),(479,1132),(480,993),(480,1133),(480,1134),(481,1135),(481,1136),(481,1137),(482,1138),(482,1139),(482,1140),(483,1141),(483,1142),(483,1143),(484,788),(484,1144),(484,1145),(485,1146),(485,1147),(485,626),(486,788),(486,1148),(486,1149),(487,1149),(487,1150),(487,1145),(488,856),(488,857),(488,1151),(489,1058),(489,1059),(489,1152),(490,1153),(490,1075),(490,1154),(491,1155),(491,1156),(491,1157),(492,692),(492,693),(492,772),(493,1158),(493,1159),(493,1160),(494,1161),(494,1162),(494,1163),(495,1164),(495,1165),(495,1166),(496,1167),(496,805),(496,1168),(497,1169),(497,1170),(497,1171),(498,1172),(498,1158),(498,1173),(499,1174),(499,1175),(499,1176),(500,1177),(500,1178),(500,1179),(501,1180),(501,1181),(501,1182),(502,1183),(502,1184),(502,1185),(503,1186),(503,1187),(503,1188),(504,1189),(504,1040),(504,1190),(505,604),(505,1191),(505,1192),(506,1193),(506,1194),(506,631),(507,1193),(507,1194),(507,1195),(508,636),(508,1196),(508,1197),(509,636),(509,1198),(509,1199);
/*!40000 ALTER TABLE `actor_movie` ENABLE KEYS */;
UNLOCK TABLES;

--
-- Table structure for table `director`
--

DROP TABLE IF EXISTS `director`;
/*!40101 SET @saved_cs_client     = @@character_set_client */;
/*!40101 SET character_set_client = utf8 */;
CREATE TABLE `director` (
  `id` int(11) NOT NULL AUTO_INCREMENT,
  `director_name` varchar(200) NOT NULL,
  PRIMARY KEY (`id`)
) ENGINE=InnoDB AUTO_INCREMENT=349 DEFAULT CHARSET=utf8mb4;
/*!40101 SET character_set_client = @saved_cs_client */;

--
-- Dumping data for table `director`
--

LOCK TABLES `director` WRITE;
/*!40000 ALTER TABLE `director` DISABLE KEYS */;
INSERT INTO `director` VALUES (172,'Jon Watts'),(173,'Frank Darabont'),(174,'Francis Ford Coppola'),(175,'Christopher Nolan'),(176,'Sidney Lumet'),(177,'Steven Spielberg'),(178,'Peter Jackson'),(179,'Quentin Tarantino'),(180,'Sergio Leone'),(181,'David Fincher'),(182,'Robert Zemeckis'),(183,'Irvin Kershner'),(184,'Todd Phillips'),(185,'Lana Wachowski'),(186,'Lilly Wachowski'),(187,'Milos Forman'),(188,'Martin Scorsese'),(189,'Akira Kurosawa'),(190,'Fernando Meirelles'),(191,'Kátia Lund'),(192,'Roberto Benigni'),(193,'Jonathan Demme'),(194,'Frank Capra'),(195,'George Lucas'),(196,'Hayao Miyazaki'),(197,'Luc Besson'),(198,'Masaki Kobayashi'),(199,'Bryan Singer'),(200,'Roger Allers'),(201,'Rob Minkoff'),(202,'Tony Kaye'),(203,'Roman Polanski'),(204,'Charles Chaplin'),(205,'James Cameron'),(206,'Alfred Hitchcock'),(207,'Olivier Nakache'),(208,'Éric Toledano'),(209,'Ridley Scott'),(210,'Damien Chazelle'),(211,'Michael Curtiz'),(212,'Isao Takahata'),(213,'Anthony Russo'),(214,'Joe Russo'),(215,'Giuseppe Tornatore'),(216,'Bong Joon Ho'),(217,'Florian Henckel von Donnersmarck'),(218,'Stanley Kubrick'),(219,'Bob Persichetti'),(220,'Peter Ramsey'),(221,'Andrew Stanton'),(222,'Billy Wilder'),(223,'Chan-wook Park'),(224,'Sam Mendes'),(225,'Makoto Shinkai'),(226,'Lee Unkrich'),(227,'Adrian Molina'),(228,'Mel Gibson'),(229,'Wolfgang Petersen'),(230,'Rajkumar Hirani'),(231,'Aamir Khan'),(232,'Amole Gupte'),(233,'Richard Marquand'),(234,'John Lasseter'),(235,'Nitesh Tiwari'),(236,'Gus Van Sant'),(237,'Fritz Lang'),(238,'Darren Aronofsky'),(239,'Michel Gondry'),(240,'Orson Welles'),(241,'Thomas Vinterberg'),(242,'Guy Ritchie'),(243,'Jean-Pierre Jeunet'),(244,'Vittorio De Sica'),(245,'Brian De Palma'),(246,'Stanley Donen'),(247,'Gene Kelly'),(248,'David Lean'),(249,'George Roy Hill'),(250,'Asghar Farhadi'),(251,'Robert Mulligan'),(252,'Nadine Labaki'),(253,'Pete Docter'),(254,'Bob Peterson'),(255,'Curtis Hanson'),(256,'Terry Gilliam'),(257,'Terry Jones'),(258,'Denis Villeneuve'),(259,'Michael Mann'),(260,'John McTiernan'),(261,'Clint Eastwood'),(262,'Peter Farrelly'),(263,'Oliver Hirschbiegel'),(264,'Majid Majidi'),(265,'John Sturges'),(266,'Ron Howard'),(267,'Joseph L. Mankiewicz'),(268,'Guillermo del Toro'),(269,'Elem Klimov'),(270,'Juan José Campanella'),(271,'Jeethu Joseph'),(272,'John Huston'),(273,'Çagan Irmak'),(274,'Stanley Kramer'),(275,'Martin McDonagh'),(276,'Paul Thomas Anderson'),(277,'Ronnie Del Carmen'),(278,'James McTeigue'),(279,'Ingmar Bergman'),(280,'Gavin OConnor'),(281,'Lenny Abrahamson'),(282,'Ethan Coen'),(283,'Joel Coen'),(284,'Danny Boyle'),(285,'David Lynch'),(286,'M. Night Shyamalan'),(287,'Sriram Raghavan'),(288,'John Carpenter'),(289,'Victor Fleming'),(290,'George Cukor'),(291,'Carol Reed'),(292,'Elia Kazan'),(293,'Yavuz Turgul'),(294,'Michael Cimino'),(295,'Andrei Tarkovsky'),(296,'Peter Weir'),(297,'Yasujirô Ozu'),(298,'Damián Szifron'),(299,'Adam Elliot'),(300,'Jim Sheridan'),(301,'Buster Keaton'),(302,'Clyde Bruckman'),(303,'Dean DeBlois'),(304,'Chris Sanders'),(305,'Wes Anderson'),(306,'Richard Linklater'),(307,'Sean Penn'),(308,'Stuart Rosenberg'),(309,'Henri-Georges Clouzot'),(310,'Steve McQueen'),(311,'Michael Powell'),(312,'Emeric Pressburger'),(313,'Rob Reiner'),(314,'George Miller'),(315,'Carl Theodor Dreyer'),(316,'Rakeysh Omprakash Mehra'),(317,'Oliver Stone'),(318,'Lasse Hallström'),(319,'James Mangold'),(320,'William Wyler'),(321,'Terry George'),(322,'Alejandro G. Iñárritu'),(323,'David Yates'),(324,'François Truffaut'),(325,'Tom McCarthy'),(326,'Raoul Walsh'),(327,'John G. Avildsen'),(328,'David Silverman'),(329,'Mathieu Kassovitz'),(330,'Anurag Kashyap'),(331,'Ashutosh Gowariker'),(332,'Tate Taylor'),(333,'Katsuhiro Ôtomo'),(334,'Kar-Wai Wong'),(335,'Wim Wenders'),(336,'Ron Clements'),(337,'John Musker'),(338,'James Gunn'),(339,'Andrew Lau'),(340,'Alan Mak'),(341,'Gillo Pontecorvo'),(342,'Luis Buñuel'),(343,'Wes Craven'),(344,'Adam McKay'),(345,'Rian Johnson'),(346,'J.J. Abrams'),(347,'Chad Stahelski'),(348,'David Leitch');
/*!40000 ALTER TABLE `director` ENABLE KEYS */;
UNLOCK TABLES;

--
-- Table structure for table `director_movie`
--

DROP TABLE IF EXISTS `director_movie`;
/*!40101 SET @saved_cs_client     = @@character_set_client */;
/*!40101 SET character_set_client = utf8 */;
CREATE TABLE `director_movie` (
  `movie_id` int(11) NOT NULL,
  `director_id` int(11) NOT NULL,
  UNIQUE KEY `uc_director_movie` (`movie_id`,`director_id`),
  KEY `movie_id_idx` (`movie_id`),
  KEY `director_id_idx` (`director_id`),
  CONSTRAINT `director_id` FOREIGN KEY (`director_id`) REFERENCES `director` (`id`),
  CONSTRAINT `movie_id` FOREIGN KEY (`movie_id`) REFERENCES `movie` (`id`)
) ENGINE=InnoDB DEFAULT CHARSET=utf8mb4;
/*!40101 SET character_set_client = @saved_cs_client */;

--
-- Dumping data for table `director_movie`
--

LOCK TABLES `director_movie` WRITE;
/*!40000 ALTER TABLE `director_movie` DISABLE KEYS */;
INSERT INTO `director_movie` VALUES (252,172),(253,173),(254,174),(255,174),(256,175),(257,176),(258,177),(259,178),(260,179),(261,180),(262,181),(263,178),(264,182),(265,175),(266,183),(267,184),(268,178),(269,185),(269,186),(270,187),(271,188),(272,189),(273,181),(274,190),(274,191),(275,192),(276,193),(277,194),(278,195),(279,177),(280,196),(281,173),(282,197),(283,175),(284,198),(285,199),(286,200),(286,201),(287,202),(288,182),(289,203),(290,204),(291,205),(292,206),(293,207),(293,208),(294,209),(295,204),(296,188),(297,210),(298,180),(299,175),(300,211),(301,212),(302,213),(302,214),(303,206),(304,215),(305,209),(306,177),(307,175),(308,174),(309,204),(310,216),(311,217),(312,179),(313,213),(313,214),(314,218),(315,219),(315,220),(316,218),(317,221),(318,196),(319,222),(320,218),(321,223),(322,222),(323,175),(324,180),(325,205),(326,224),(327,225),(328,226),(328,227),(329,228),(330,229),(331,230),(332,231),(332,232),(333,233),(334,234),(335,179),(336,187),(337,235),(338,179),(339,236),(340,237),(341,238),(342,218),(343,206),(344,239),(345,240),(346,241),(347,218),(348,206),(349,218),(350,242),(351,204),(352,243),(353,244),(354,245),(355,246),(355,247),(356,248),(357,188),(358,226),(359,249),(360,237),(361,180),(362,189),(363,250),(364,222),(365,251),(366,252),(367,177),(368,222),(369,253),(369,254),(370,255),(371,256),(371,257),(372,258),(373,259),(374,189),(375,189),(376,175),(377,260),(378,261),(379,262),(380,263),(381,264),(382,222),(383,196),(384,265),(385,196),(386,189),(387,266),(388,267),(389,268),(390,269),(391,188),(392,270),(393,188),(394,242),(395,271),(396,272),(397,188),(398,273),(399,274),(400,275),(401,203),(402,204),(403,206),(404,276),(405,253),(405,277),(406,278),(407,279),(408,280),(409,281),(410,282),(410,283),(411,284),(412,285),(413,286),(414,188),(415,287),(416,288),(417,289),(417,290),(418,248),(419,209),(420,291),(421,292),(422,279),(423,177),(424,221),(424,226),(425,293),(426,261),(427,282),(427,283),(428,179),(429,294),(430,295),(431,296),(432,282),(432,283),(433,297),(434,298),(435,299),(436,300),(437,181),(438,228),(439,301),(440,301),(440,302),(441,303),(441,304),(442,194),(443,216),(444,305),(445,279),(446,306),(447,177),(448,307),(449,308),(450,309),(451,310),(452,311),(452,312),(453,258),(454,176),(455,257),(456,313),(457,314),(458,315),(459,316),(460,317),(461,295),(462,266),(463,261),(464,318),(465,218),(466,319),(467,320),(468,196),(469,321),(470,322),(471,323),(472,324),(473,325),(474,326),(475,296),(476,222),(477,206),(478,327),(479,253),(479,328),(480,194),(481,329),(482,330),(483,223),(484,331),(485,313),(486,230),(487,230),(488,249),(489,306),(490,332),(491,333),(492,205),(493,334),(494,331),(495,335),(496,336),(496,337),(497,338),(498,339),(498,340),(499,341),(500,342),(501,295),(502,196),(503,343),(504,181),(505,344),(506,345),(507,346),(508,347),(508,348),(509,347);
/*!40000 ALTER TABLE `director_movie` ENABLE KEYS */;
UNLOCK TABLES;

--
-- Table structure for table `genre`
--

DROP TABLE IF EXISTS `genre`;
/*!40101 SET @saved_cs_client     = @@character_set_client */;
/*!40101 SET character_set_client = utf8 */;
CREATE TABLE `genre` (
  `id` int(11) NOT NULL AUTO_INCREMENT,
  `genre` varchar(200) NOT NULL,
  PRIMARY KEY (`id`)
) ENGINE=InnoDB AUTO_INCREMENT=43 DEFAULT CHARSET=utf8mb4;
/*!40101 SET character_set_client = @saved_cs_client */;

--
-- Dumping data for table `genre`
--

LOCK TABLES `genre` WRITE;
/*!40000 ALTER TABLE `genre` DISABLE KEYS */;
INSERT INTO `genre` VALUES (22,'Action'),(23,'Adventure'),(24,'Sci-Fi'),(25,'Drama'),(26,'Crime'),(27,'Thriller'),(28,'Biography'),(29,'History'),(30,'Fantasy'),(31,'Western'),(32,'Romance'),(33,'Mystery'),(34,'Comedy'),(35,'War'),(36,'Family'),(37,'Animation'),(38,'Musical'),(39,'Music'),(40,'Horror'),(41,'Film-Noir'),(42,'Sport');
/*!40000 ALTER TABLE `genre` ENABLE KEYS */;
UNLOCK TABLES;

--
-- Table structure for table `movie`
--

DROP TABLE IF EXISTS `movie`;
/*!40101 SET @saved_cs_client     = @@character_set_client */;
/*!40101 SET character_set_client = utf8 */;
CREATE TABLE `movie` (
  `id` int(11) NOT NULL AUTO_INCREMENT,
  `title` varchar(200) NOT NULL,
  `summary` text NOT NULL,
  `poster_link` text,
  `imdb_rating` float DEFAULT NULL,
  `imdb_link` text,
  PRIMARY KEY (`id`),
  UNIQUE KEY `title_UNIQUE` (`title`),
  UNIQUE KEY `id_UNIQUE` (`id`)
) ENGINE=InnoDB AUTO_INCREMENT=510 DEFAULT CHARSET=utf8mb4;
/*!40101 SET character_set_client = @saved_cs_client */;

--
-- Dumping data for table `movie`
--

LOCK TABLES `movie` WRITE;
/*!40000 ALTER TABLE `movie` DISABLE KEYS */;
INSERT INTO `movie` VALUES (252,'Spider-Man: Far from Home','Following the events of Avengers: Endgame (2019), Spider-Man must step up to take on new threats in a world that has changed forever.','https://m.media-amazon.com/images/M/MV5BMGZlNTY1ZWUtYTMzNC00ZjUyLWE0MjQtMTMxN2E3ODYxMWVmXkEyXkFqcGdeQXVyMDM2NDM2MQ@@._V1_UX182_CR0,0,182,268_AL_.jpg',7.6,'https://www.imdb.com/title/tt6320628/'),(253,'The Shawshank Redemption','Two imprisoned men bond over a number of years, finding solace and eventual redemption through acts of common decency.','https://m.media-amazon.com/images/M/MV5BMDFkYTc0MGEtZmNhMC00ZDIzLWFmNTEtODM1ZmRlYWMwMWFmXkEyXkFqcGdeQXVyMTMxODk2OTU@._V1_UX182_CR0,0,182,268_AL_.jpg',9.2,'https://www.imdb.com/title/tt0111161/'),(254,'The Godfather','The aging patriarch of an organized crime dynasty transfers control of his clandestine empire to his reluctant son.','https://m.media-amazon.com/images/M/MV5BM2MyNjYxNmUtYTAwNi00MTYxLWJmNWYtYzZlODY3ZTk3OTFlXkEyXkFqcGdeQXVyNzkwMjQ5NzM@._V1_UY268_CR3,0,182,268_AL_.jpg',9.1,'https://www.imdb.com/title/tt0068646/'),(255,'The Godfather: Part II','The early life and career of Vito Corleone in 1920s New York City is portrayed, while his son, Michael, expands and tightens his grip on the family crime syndicate.','https://m.media-amazon.com/images/M/MV5BMWMwMGQzZTItY2JlNC00OWZiLWIyMDctNDk2ZDQ2YjRjMWQ0XkEyXkFqcGdeQXVyNzkwMjQ5NzM@._V1_UY268_CR3,0,182,268_AL_.jpg',9,'https://www.imdb.com/title/tt0071562/'),(256,'The Dark Knight','When the menace known as the Joker wreaks havoc and chaos on the people of Gotham, Batman must accept one of the greatest psychological and physical tests of his ability to fight injustice.','https://m.media-amazon.com/images/M/MV5BMTMxNTMwODM0NF5BMl5BanBnXkFtZTcwODAyMTk2Mw@@._V1_UX182_CR0,0,182,268_AL_.jpg',9,'https://www.imdb.com/title/tt0468569/'),(257,'12 Angry Men','A jury holdout attempts to prevent a miscarriage of justice by forcing his colleagues to reconsider the evidence.','https://m.media-amazon.com/images/M/MV5BMWU4N2FjNzYtNTVkNC00NzQ0LTg0MjAtYTJlMjFhNGUxZDFmXkEyXkFqcGdeQXVyNjc1NTYyMjg@._V1_UX182_CR0,0,182,268_AL_.jpg',8.9,'https://www.imdb.com/title/tt0050083/'),(258,'Schindler\'s List','In German-occupied Poland during World War II, industrialist Oskar Schindler gradually becomes concerned for his Jewish workforce after witnessing their persecution by the Nazis.','https://m.media-amazon.com/images/M/MV5BMTg3MDc4ODgyOF5BMl5BanBnXkFtZTgwNzY1ODIyNjM@._V1_UX182_CR0,0,182,268_AL_.jpg',8.9,'https://www.imdb.com/title/tt0108052/'),(259,'The Lord of the Rings: The Return of the King','Gandalf and Aragorn lead the World of Men against Sauron\'s army to draw his gaze from Frodo and Sam as they approach Mount Doom with the One Ring.','https://m.media-amazon.com/images/M/MV5BNzA5ZDNlZWMtM2NhNS00NDJjLTk4NDItYTRmY2EwMWZlMTY3XkEyXkFqcGdeQXVyNzkwMjQ5NzM@._V1_UX182_CR0,0,182,268_AL_.jpg',8.9,'https://www.imdb.com/title/tt0167260/'),(260,'Pulp Fiction','The lives of two mob hitmen, a boxer, a gangster and his wife, and a pair of diner bandits intertwine in four tales of violence and redemption.','https://m.media-amazon.com/images/M/MV5BNGNhMDIzZTUtNTBlZi00MTRlLWFjM2ItYzViMjE3YzI5MjljXkEyXkFqcGdeQXVyNzkwMjQ5NzM@._V1_UY268_CR1,0,182,268_AL_.jpg',8.9,'https://www.imdb.com/title/tt0110912/'),(261,'The Good, the Bad and the Ugly','A bounty hunting scam joins two men in an uneasy alliance against a third in a race to find a fortune in gold buried in a remote cemetery.','https://m.media-amazon.com/images/M/MV5BOTQ5NDI3MTI4MF5BMl5BanBnXkFtZTgwNDQ4ODE5MDE@._V1_UX182_CR0,0,182,268_AL_.jpg',8.8,'https://www.imdb.com/title/tt0060196/'),(262,'Fight Club','An insomniac office worker and a devil-may-care soapmaker form an underground fight club that evolves into something much, much more.','https://m.media-amazon.com/images/M/MV5BMmEzNTkxYjQtZTc0MC00YTVjLTg5ZTEtZWMwOWVlYzY0NWIwXkEyXkFqcGdeQXVyNzkwMjQ5NzM@._V1_UX182_CR0,0,182,268_AL_.jpg',8.8,'https://www.imdb.com/title/tt0137523/'),(263,'The Lord of the Rings: The Fellowship of the Ring','A meek Hobbit from the Shire and eight companions set out on a journey to destroy the powerful One Ring and save Middle-earth from the Dark Lord Sauron.','https://m.media-amazon.com/images/M/MV5BN2EyZjM3NzUtNWUzMi00MTgxLWI0NTctMzY4M2VlOTdjZWRiXkEyXkFqcGdeQXVyNDUzOTQ5MjY@._V1_UX182_CR0,0,182,268_AL_.jpg',8.8,'https://www.imdb.com/title/tt0120737/'),(264,'Forrest Gump','The presidencies of Kennedy and Johnson, the events of Vietnam, Watergate, and other history unfold through the perspective of an Alabama man with an IQ of 75.','https://m.media-amazon.com/images/M/MV5BNWIwODRlZTUtY2U3ZS00Yzg1LWJhNzYtMmZiYmEyNmU1NjMzXkEyXkFqcGdeQXVyMTQxNzMzNDI@._V1_UY268_CR1,0,182,268_AL_.jpg',8.8,'https://www.imdb.com/title/tt0109830/'),(265,'Inception','A thief who steals corporate secrets through the use of dream-sharing technology is given the inverse task of planting an idea into the mind of a C.E.O.','https://m.media-amazon.com/images/M/MV5BMjAxMzY3NjcxNF5BMl5BanBnXkFtZTcwNTI5OTM0Mw@@._V1_UX182_CR0,0,182,268_AL_.jpg',8.7,'https://www.imdb.com/title/tt1375666/'),(266,'Star Wars: Episode V - The Empire Strikes Back','After the Rebels are brutally overpowered by the Empire on the ice planet Hoth, Luke Skywalker begins Jedi training with Yoda, while his friends are pursued by Darth Vader.','https://m.media-amazon.com/images/M/MV5BYmU1NDRjNDgtMzhiMi00NjZmLTg5NGItZDNiZjU5NTU4OTE0XkEyXkFqcGdeQXVyNzkwMjQ5NzM@._V1_UX182_CR0,0,182,268_AL_.jpg',8.7,'https://www.imdb.com/title/tt0080684/'),(267,'Joker','In Gotham City, mentally-troubled comedian Arthur Fleck is disregarded and mistreated by society. He then embarks on a downward spiral of revolution and bloody crime. This path brings him face-to-face with his alter-ego: \"The Joker\".','https://m.media-amazon.com/images/M/MV5BNGVjNWI4ZGUtNzE0MS00YTJmLWE0ZDctN2ZiYTk2YmI3NTYyXkEyXkFqcGdeQXVyMTkxNjUyNQ@@._V1_UX182_CR0,0,182,268_AL_.jpg',8.7,'https://www.imdb.com/title/tt7286456/'),(268,'The Lord of the Rings: The Two Towers','While Frodo and Sam edge closer to Mordor with the help of the shifty Gollum, the divided fellowship makes a stand against Sauron\'s new ally, Saruman, and his hordes of Isengard.','https://m.media-amazon.com/images/M/MV5BNGE5MzIyNTAtNWFlMC00NDA2LWJiMjItMjc4Yjg1OWM5NzhhXkEyXkFqcGdeQXVyNzkwMjQ5NzM@._V1_UY268_CR0,0,182,268_AL_.jpg',8.7,'https://www.imdb.com/title/tt0167261/'),(269,'The Matrix','A computer hacker learns from mysterious rebels about the true nature of his reality and his role in the war against its controllers.','https://m.media-amazon.com/images/M/MV5BNzQzOTk3OTAtNDQ0Zi00ZTVkLWI0MTEtMDllZjNkYzNjNTc4L2ltYWdlXkEyXkFqcGdeQXVyNjU0OTQ0OTY@._V1_UX182_CR0,0,182,268_AL_.jpg',8.6,'https://www.imdb.com/title/tt0133093/'),(270,'One Flew Over the Cuckoo\'s Nest','A criminal pleads insanity and is admitted to a mental institution, where he rebels against the oppressive nurse and rallies up the scared patients.','https://m.media-amazon.com/images/M/MV5BZjA0OWVhOTAtYWQxNi00YzNhLWI4ZjYtNjFjZTEyYjJlNDVlL2ltYWdlL2ltYWdlXkEyXkFqcGdeQXVyMTQxNzMzNDI@._V1_UX182_CR0,0,182,268_AL_.jpg',8.6,'https://www.imdb.com/title/tt0073486/'),(271,'Goodfellas','The story of Henry Hill and his life in the mob, covering his relationship with his wife Karen Hill and his mob partners Jimmy Conway and Tommy DeVito in the Italian-American crime syndicate.','https://m.media-amazon.com/images/M/MV5BY2NkZjEzMDgtN2RjYy00YzM1LWI4ZmQtMjIwYjFjNmI3ZGEwXkEyXkFqcGdeQXVyNzkwMjQ5NzM@._V1_UX182_CR0,0,182,268_AL_.jpg',8.6,'https://www.imdb.com/title/tt0099685/'),(272,'Seven Samurai','A poor village under attack by bandits recruits seven unemployed samurai to help them defend themselves.','https://m.media-amazon.com/images/M/MV5BODdlYjU1Y2MtMWUxMy00YjJjLTgyMWItNzgzZmZkNTYxNWFkXkEyXkFqcGdeQXVyMTAwMjU1MzA2._V1_UX182_CR0,0,182,268_AL_.jpg',8.6,'https://www.imdb.com/title/tt0047478/'),(273,'Seven','Two detectives, a rookie and a veteran, hunt a serial killer who uses the seven deadly sins as his motives.','https://m.media-amazon.com/images/M/MV5BOTUwODM5MTctZjczMi00OTk4LTg3NWUtNmVhMTAzNTNjYjcyXkEyXkFqcGdeQXVyNjU0OTQ0OTY@._V1_UX182_CR0,0,182,268_AL_.jpg',8.6,'https://www.imdb.com/title/tt0114369/'),(274,'City of God','In the slums of Rio, two kids\' paths diverge as one struggles to become a photographer and the other a kingpin.','https://m.media-amazon.com/images/M/MV5BMGU5OWEwZDItNmNkMC00NzZmLTk1YTctNzVhZTJjM2NlZTVmXkEyXkFqcGdeQXVyMTMxODk2OTU@._V1_UX182_CR0,0,182,268_AL_.jpg',8.6,'https://www.imdb.com/title/tt0317248/'),(275,'La vita è bella','When an open-minded Jewish librarian and his son become victims of the Holocaust, he uses a perfect mixture of will, humor, and imagination to protect his son from the dangers around their camp.','https://m.media-amazon.com/images/M/MV5BYmJmM2Q4NmMtYThmNC00ZjRlLWEyZmItZTIwOTBlZDQ3NTQ1XkEyXkFqcGdeQXVyMTQxNzMzNDI@._V1_UX182_CR0,0,182,268_AL_.jpg',8.6,'https://www.imdb.com/title/tt0118799/'),(276,'The Silence of the Lambs','A young F.B.I. cadet must receive the help of an incarcerated and manipulative cannibal killer to help catch another serial killer, a madman who skins his victims.','https://m.media-amazon.com/images/M/MV5BNjNhZTk0ZmEtNjJhMi00YzFlLWE1MmEtYzM1M2ZmMGMwMTU4XkEyXkFqcGdeQXVyNjU0OTQ0OTY@._V1_UX182_CR0,0,182,268_AL_.jpg',8.6,'https://www.imdb.com/title/tt0102926/'),(277,'It\'s a Wonderful Life','An angel is sent from Heaven to help a desperately frustrated businessman by showing him what life would have been like if he had never existed.','https://m.media-amazon.com/images/M/MV5BZjc4NDZhZWMtNGEzYS00ZWU2LThlM2ItNTA0YzQ0OTExMTE2XkEyXkFqcGdeQXVyNjUwMzI2NzU@._V1_UY268_CR1,0,182,268_AL_.jpg',8.6,'https://www.imdb.com/title/tt0038650/'),(278,'Star Wars: Episode IV - A New Hope','Luke Skywalker joins forces with a Jedi Knight, a cocky pilot, a Wookiee and two droids to save the galaxy from the Empire\'s world-destroying battle station, while also attempting to rescue Princess Leia from the mysterious Darth Vader.','https://m.media-amazon.com/images/M/MV5BNzVlY2MwMjktM2E4OS00Y2Y3LWE3ZjctYzhkZGM3YzA1ZWM2XkEyXkFqcGdeQXVyNzkwMjQ5NzM@._V1_UX182_CR0,0,182,268_AL_.jpg',8.6,'https://www.imdb.com/title/tt0076759/'),(279,'Saving Private Ryan','Following the Normandy Landings, a group of U.S. soldiers go behind enemy lines to retrieve a paratrooper whose brothers have been killed in action.','https://m.media-amazon.com/images/M/MV5BZjhkMDM4MWItZTVjOC00ZDRhLThmYTAtM2I5NzBmNmNlMzI1XkEyXkFqcGdeQXVyNDYyMDk5MTU@._V1_UY268_CR0,0,182,268_AL_.jpg',8.5,'https://www.imdb.com/title/tt0120815/'),(280,'Spirited Away','During her family\'s move to the suburbs, a sullen 10-year-old girl wanders into a world ruled by gods, witches, and spirits, and where humans are changed into beasts.','https://m.media-amazon.com/images/M/MV5BNjFlNTliMWQtZGJlOC00YTIxLWEzODEtZjM4NzgzZDhkMmFjL2ltYWdlXkEyXkFqcGdeQXVyMzgxODM4NjM@._V1_UY268_CR4,0,182,268_AL_.jpg',8.5,'https://www.imdb.com/title/tt0245429/'),(281,'The Green Mile','The lives of guards on Death Row are affected by one of their charges: a black man accused of child murder and rape, yet who has a mysterious gift.','https://m.media-amazon.com/images/M/MV5BMTUxMzQyNjA5MF5BMl5BanBnXkFtZTYwOTU2NTY3._V1_UX182_CR0,0,182,268_AL_.jpg',8.5,'https://www.imdb.com/title/tt0120689/'),(282,'Leon','Mathilda, a 12-year-old girl, is reluctantly taken in by Léon, a professional assassin, after her family is murdered. An unusual relationship forms as she becomes his protégée and learns the assassin\'s trade.','https://m.media-amazon.com/images/M/MV5BZDAwYTlhMDEtNTg0OS00NDY2LWJjOWItNWY3YTZkM2UxYzUzXkEyXkFqcGdeQXVyNTA4NzY1MzY@._V1_UY268_CR4,0,182,268_AL_.jpg',8.5,'https://www.imdb.com/title/tt0110413/'),(283,'Interstellar','A team of explorers travel through a wormhole in space in an attempt to ensure humanity\'s survival.','https://m.media-amazon.com/images/M/MV5BZjdkOTU3MDktN2IxOS00OGEyLWFmMjktY2FiMmZkNWIyODZiXkEyXkFqcGdeQXVyMTMxODk2OTU@._V1_UX182_CR0,0,182,268_AL_.jpg',8.5,'https://www.imdb.com/title/tt0816692/'),(284,'Harakiri','An elder ronin samurai arrives at a feudal lord\'s home and requests an honorable place to commit suicide. But when the ronin inquires about a younger samurai who arrived before him things take an unexpected turn.','https://m.media-amazon.com/images/M/MV5BMTg2MzMwNjk5Ml5BMl5BanBnXkFtZTgwNTQwOTkxMTE@._V1_UX182_CR0,0,182,268_AL_.jpg',8.5,'https://www.imdb.com/title/tt0056058/'),(285,'The Usual Suspects','A sole survivor tells of the twisty events leading up to a horrific gun battle on a boat, which began when five criminals met at a seemingly random police lineup.','https://m.media-amazon.com/images/M/MV5BYTViNjMyNmUtNDFkNC00ZDRlLThmMDUtZDU2YWE4NGI2ZjVmXkEyXkFqcGdeQXVyNjU0OTQ0OTY@._V1_UX182_CR0,0,182,268_AL_.jpg',8.5,'https://www.imdb.com/title/tt0114814/'),(286,'The Lion King','A Lion cub crown prince is tricked by a treacherous uncle into thinking he caused his father\'s death and flees into exile in despair, only to learn in adulthood his identity and his responsibilities.','https://m.media-amazon.com/images/M/MV5BYTYxNGMyZTYtMjE3MS00MzNjLWFjNmYtMDk3N2FmM2JiM2M1XkEyXkFqcGdeQXVyNjY5NDU4NzI@._V1_UX182_CR0,0,182,268_AL_.jpg',8.5,'https://www.imdb.com/title/tt0110357/'),(287,'American History X','A former neo-nazi skinhead tries to prevent his younger brother from going down the same wrong path that he did.','https://m.media-amazon.com/images/M/MV5BZjA0MTM4MTQtNzY5MC00NzY3LWI1ZTgtYzcxMjkyMzU4MDZiXkEyXkFqcGdeQXVyNDYyMDk5MTU@._V1_UX182_CR0,0,182,268_AL_.jpg',8.5,'https://www.imdb.com/title/tt0120586/'),(288,'Back to the Future','Marty McFly, a 17-year-old high school student, is accidentally sent thirty years into the past in a time-traveling DeLorean invented by his close friend, the maverick scientist Doc Brown.','https://m.media-amazon.com/images/M/MV5BZmU0M2Y1OGUtZjIxNi00ZjBkLTg1MjgtOWIyNThiZWIwYjRiXkEyXkFqcGdeQXVyMTQxNzMzNDI@._V1_UX182_CR0,0,182,268_AL_.jpg',8.5,'https://www.imdb.com/title/tt0088763/'),(289,'The Pianist','A Polish Jewish musician struggles to survive the destruction of the Warsaw ghetto of World War II.','https://m.media-amazon.com/images/M/MV5BOWRiZDIxZjktMTA1NC00MDQ2LWEzMjUtMTliZmY3NjQ3ODJiXkEyXkFqcGdeQXVyNjU0OTQ0OTY@._V1_UY268_CR6,0,182,268_AL_.jpg',8.5,'https://www.imdb.com/title/tt0253474/'),(290,'Modern Times','The Tramp struggles to live in modern industrial society with the help of a young homeless woman.','https://m.media-amazon.com/images/M/MV5BYjJiZjMzYzktNjU0NS00OTkxLWEwYzItYzdhYWJjN2QzMTRlL2ltYWdlL2ltYWdlXkEyXkFqcGdeQXVyNjU0OTQ0OTY@._V1_UX182_CR0,0,182,268_AL_.jpg',8.5,'https://www.imdb.com/title/tt0027977/'),(291,'Terminator 2: Judgment Day','A cyborg, identical to the one who failed to kill Sarah Connor, must now protect her teenage son, John Connor, from a more advanced and powerful cyborg.','https://m.media-amazon.com/images/M/MV5BMGU2NzRmZjUtOGUxYS00ZjdjLWEwZWItY2NlM2JhNjkxNTFmXkEyXkFqcGdeQXVyNjU0OTQ0OTY@._V1_UX182_CR0,0,182,268_AL_.jpg',8.5,'https://www.imdb.com/title/tt0103064/'),(292,'Psycho','A Phoenix secretary embezzles forty thousand dollars from her employer\'s client, goes on the run, and checks into a remote motel run by a young man under the domination of his mother.','https://m.media-amazon.com/images/M/MV5BNTQwNDM1YzItNDAxZC00NWY2LTk0M2UtNDIwNWI5OGUyNWUxXkEyXkFqcGdeQXVyNzkwMjQ5NzM@._V1_UX182_CR0,0,182,268_AL_.jpg',8.5,'https://www.imdb.com/title/tt0054215/'),(293,'Untouchable','After he becomes a quadriplegic from a paragliding accident, an aristocrat hires a young man from the projects to be his caregiver.','https://m.media-amazon.com/images/M/MV5BMTYxNDA3MDQwNl5BMl5BanBnXkFtZTcwNTU4Mzc1Nw@@._V1_UX182_CR0,0,182,268_AL_.jpg',8.5,'https://www.imdb.com/title/tt1675434/'),(294,'Gladiator','A former Roman General sets out to exact vengeance against the corrupt emperor who murdered his family and sent him into slavery.','https://m.media-amazon.com/images/M/MV5BMDliMmNhNDEtODUyOS00MjNlLTgxODEtN2U3NzIxMGVkZTA1L2ltYWdlXkEyXkFqcGdeQXVyNjU0OTQ0OTY@._V1_UX182_CR0,0,182,268_AL_.jpg',8.5,'https://www.imdb.com/title/tt0172495/'),(295,'City Lights','With the aid of a wealthy erratic tippler, a dewy-eyed tramp who has fallen in love with a sightless flower girl accumulates money to be able to help her medically.','https://m.media-amazon.com/images/M/MV5BY2I4MmM1N2EtM2YzOS00OWUzLTkzYzctNDc5NDg2N2IyODJmXkEyXkFqcGdeQXVyNzkwMjQ5NzM@._V1_UX182_CR0,0,182,268_AL_.jpg',8.5,'https://www.imdb.com/title/tt0021749/'),(296,'The Departed','An undercover cop and a mole in the police attempt to identify each other while infiltrating an Irish gang in South Boston.','https://m.media-amazon.com/images/M/MV5BMTI1MTY2OTIxNV5BMl5BanBnXkFtZTYwNjQ4NjY3._V1_UX182_CR0,0,182,268_AL_.jpg',8.5,'https://www.imdb.com/title/tt0407887/'),(297,'Whiplash','A promising young drummer enrolls at a cut-throat music conservatory where his dreams of greatness are mentored by an instructor who will stop at nothing to realize a student\'s potential.','https://m.media-amazon.com/images/M/MV5BOTA5NDZlZGUtMjAxOS00YTRkLTkwYmMtYWQ0NWEwZDZiNjEzXkEyXkFqcGdeQXVyMTMxODk2OTU@._V1_UX182_CR0,0,182,268_AL_.jpg',8.5,'https://www.imdb.com/title/tt2582802/'),(298,'Once Upon a Time in the West','A mysterious stranger with a harmonica joins forces with a notorious desperado to protect a beautiful widow from a ruthless assassin working for the railroad.','https://m.media-amazon.com/images/M/MV5BZGI5MjBmYzYtMzJhZi00NGI1LTk3MzItYjBjMzcxM2U3MDdiXkEyXkFqcGdeQXVyNzkwMjQ5NzM@._V1_UX182_CR0,0,182,268_AL_.jpg',8.5,'https://www.imdb.com/title/tt0064116/'),(299,'The Prestige','After a tragic accident, two stage magicians engage in a battle to create the ultimate illusion while sacrificing everything they have to outwit each other.','https://m.media-amazon.com/images/M/MV5BMjA4NDI0MTIxNF5BMl5BanBnXkFtZTYwNTM0MzY2._V1_UX182_CR0,0,182,268_AL_.jpg',8.5,'https://www.imdb.com/title/tt0482571/'),(300,'Casablanca','A cynical American expatriate struggles to decide whether or not he should help his former lover and her fugitive husband escape French Morocco.','https://m.media-amazon.com/images/M/MV5BY2IzZGY2YmEtYzljNS00NTM5LTgwMzUtMzM1NjQ4NGI0OTk0XkEyXkFqcGdeQXVyNDYyMDk5MTU@._V1_UX182_CR0,0,182,268_AL_.jpg',8.4,'https://www.imdb.com/title/tt0034583/'),(301,'Grave of the Fireflies','A young boy and his little sister struggle to survive in Japan during World War II.','https://m.media-amazon.com/images/M/MV5BZmY2NjUzNDQtNTgxNC00M2Q4LTljOWQtMjNjNDBjNWUxNmJlXkEyXkFqcGdeQXVyNTA4NzY1MzY@._V1_UX182_CR0,0,182,268_AL_.jpg',8.4,'https://www.imdb.com/title/tt0095327/'),(302,'Avengers: Endgame','After the devastating events of Avengers: Infinity War (2018), the universe is in ruins. With the help of remaining allies, the Avengers assemble once more in order to reverse Thanos\' actions and restore balance to the universe.','https://m.media-amazon.com/images/M/MV5BMTc5MDE2ODcwNV5BMl5BanBnXkFtZTgwMzI2NzQ2NzM@._V1_UX182_CR0,0,182,268_AL_.jpg',8.4,'https://www.imdb.com/title/tt4154796/'),(303,'Rear Window','A wheelchair-bound photographer spies on his neighbors from his apartment window and becomes convinced one of them has committed murder.','https://m.media-amazon.com/images/M/MV5BNGUxYWM3M2MtMGM3Mi00ZmRiLWE0NGQtZjE5ODI2OTJhNTU0XkEyXkFqcGdeQXVyMTQxNzMzNDI@._V1_UY268_CR0,0,182,268_AL_.jpg',8.4,'https://www.imdb.com/title/tt0047396/'),(304,'Cinema Paradiso','A filmmaker recalls his childhood when falling in love with the pictures at the cinema of his home village and forms a deep friendship with the cinema\'s projectionist.','https://m.media-amazon.com/images/M/MV5BM2FhYjEyYmYtMDI1Yy00YTdlLWI2NWQtYmEzNzAxOGY1NjY2XkEyXkFqcGdeQXVyNTA3NTIyNDg@._V1_UX182_CR0,0,182,268_AL_.jpg',8.4,'https://www.imdb.com/title/tt0095765/'),(305,'Alien','After a space merchant vessel perceives an unknown transmission as a distress call, its landing on the source moon finds one of the crew attacked by a mysterious lifeform, and they soon realize that its life cycle has merely begun.','https://m.media-amazon.com/images/M/MV5BMTcyNDEwOTM4N15BMl5BanBnXkFtZTgwMzczNTU1NTM@._V1_UX182_CR0,0,182,268_AL_.jpg',8.4,'https://www.imdb.com/title/tt0078748/'),(306,'Raiders of the Lost Ark','In 1936, archaeologist and adventurer Indiana Jones is hired by the U.S. government to find the Ark of the Covenant before Adolf Hitler\'s Nazis can obtain its awesome powers.','https://m.media-amazon.com/images/M/MV5BMjA0ODEzMTc1Nl5BMl5BanBnXkFtZTcwODM2MjAxNA@@._V1_UX182_CR0,0,182,268_AL_.jpg',8.4,'https://www.imdb.com/title/tt0082971/'),(307,'Memento','A man with short-term memory loss attempts to track down his wife\'s murderer.','https://m.media-amazon.com/images/M/MV5BZTcyNjk1MjgtOWI3Mi00YzQwLWI5MTktMzY4ZmI2NDAyNzYzXkEyXkFqcGdeQXVyNjU0OTQ0OTY@._V1_UY268_CR0,0,182,268_AL_.jpg',8.4,'https://www.imdb.com/title/tt0209144/'),(308,'Apocalypse Now','A U.S. Army officer serving in Vietnam is tasked with assassinating a renegade Special Forces Colonel who sees himself as a god.','https://m.media-amazon.com/images/M/MV5BZTNkZmU0ZWQtZjQzMy00YTNmLWFmN2MtZGNkMmU1OThmMGYwXkEyXkFqcGdeQXVyNzkwMjQ5NzM@._V1_UX182_CR0,0,182,268_AL_.jpg',8.4,'https://www.imdb.com/title/tt0078788/'),(309,'The Great Dictator','Dictator Adenoid Hynkel tries to expand his empire while a poor Jewish barber tries to avoid persecution from Hynkel\'s regime.','https://m.media-amazon.com/images/M/MV5BMmExYWJjNTktNGUyZS00ODhmLTkxYzAtNWIzOGEyMGNiMmUwXkEyXkFqcGdeQXVyNjU0OTQ0OTY@._V1_UX182_CR0,0,182,268_AL_.jpg',8.4,'https://www.imdb.com/title/tt0032553/'),(310,'Parasite','All unemployed, Ki-taek\'s family takes peculiar interest in the wealthy and glamorous Parks for their livelihood until they get entangled in an unexpected incident.','https://m.media-amazon.com/images/M/MV5BOWVmODY4MjYtZGViYS00MzJjLWI3NmItMGFmMDRkMzI1OTU3XkEyXkFqcGdeQXVyNTQ0NTUxOTA@._V1_UY268_CR9,0,182,268_AL_.jpg',8.4,'https://www.imdb.com/title/tt6751668/'),(311,'The Lives of Others','In 1984 East Berlin, an agent of the secret police, conducting surveillance on a writer and his lover, finds himself becoming increasingly absorbed by their lives.','https://m.media-amazon.com/images/M/MV5BOThkM2EzYmMtNDE3NS00NjlhLTg4YzktYTdhNzgyOWY3ZDYzXkEyXkFqcGdeQXVyNzQzNzQxNzI@._V1_UY268_CR3,0,182,268_AL_.jpg',8.4,'https://www.imdb.com/title/tt0405094/'),(312,'Django Unchained','With the help of a German bounty hunter, a freed slave sets out to rescue his wife from a brutal Mississippi plantation owner.','https://m.media-amazon.com/images/M/MV5BMjIyNTQ5NjQ1OV5BMl5BanBnXkFtZTcwODg1MDU4OA@@._V1_UX182_CR0,0,182,268_AL_.jpg',8.4,'https://www.imdb.com/title/tt1853728/'),(313,'Avengers: Infinity War','The Avengers and their allies must be willing to sacrifice all in an attempt to defeat the powerful Thanos before his blitz of devastation and ruin puts an end to the universe.','https://m.media-amazon.com/images/M/MV5BMjMxNjY2MDU1OV5BMl5BanBnXkFtZTgwNzY1MTUwNTM@._V1_UX182_CR0,0,182,268_AL_.jpg',8.4,'https://www.imdb.com/title/tt4154756/'),(314,'The Shining','A family heads to an isolated hotel for the winter where a sinister presence influences the father into violence, while his psychic son sees horrific forebodings from both past and future.','https://m.media-amazon.com/images/M/MV5BZWFlYmY2MGEtZjVkYS00YzU4LTg0YjQtYzY1ZGE3NTA5NGQxXkEyXkFqcGdeQXVyMTQxNzMzNDI@._V1_UX182_CR0,0,182,268_AL_.jpg',8.4,'https://www.imdb.com/title/tt0081505/'),(315,'Spider-Man: Into the Spider-Verse','Teen Miles Morales becomes Spider-Man of his reality, crossing his path with five counterparts from other dimensions to stop a threat for all realities.','https://m.media-amazon.com/images/M/MV5BMjMwNDkxMTgzOF5BMl5BanBnXkFtZTgwNTkwNTQ3NjM@._V1_UX182_CR0,0,182,268_AL_.jpg',8.4,'https://www.imdb.com/title/tt4633694/'),(316,'Paths of Glory','After refusing to attack an enemy position, a general accuses the soldiers of cowardice and their commanding officer must defend them.','https://m.media-amazon.com/images/M/MV5BNjViMmRkOTEtM2ViOS00ODg0LWJhYWEtNTBlOGQxNDczOGY3XkEyXkFqcGdeQXVyMDI2NDg0NQ@@._V1_UY268_CR6,0,182,268_AL_.jpg',8.4,'https://www.imdb.com/title/tt0050825/'),(317,'WALL·E','In the distant future, a small waste-collecting robot inadvertently embarks on a space journey that will ultimately decide the fate of mankind.','https://m.media-amazon.com/images/M/MV5BMjExMTg5OTU0NF5BMl5BanBnXkFtZTcwMjMxMzMzMw@@._V1_UX182_CR0,0,182,268_AL_.jpg',8.4,'https://www.imdb.com/title/tt0910970/'),(318,'Princess Mononoke','On a journey to find the cure for a Tatarigami\'s curse, Ashitaka finds himself in the middle of a war between the forest gods and Tatara, a mining colony. In this quest he also meets San, the Mononoke Hime.','https://m.media-amazon.com/images/M/MV5BMTVlNWM4NTAtNDQxYi00YWU5LWIwM2MtZmVjYWFmODZiODE5XkEyXkFqcGdeQXVyNjU0OTQ0OTY@._V1_UY268_CR4,0,182,268_AL_.jpg',8.4,'https://www.imdb.com/title/tt0119698/'),(319,'Sunset Blvd.','A screenwriter develops a dangerous relationship with a faded film star determined to make a triumphant return.','https://m.media-amazon.com/images/M/MV5BMTU0NTkyNzYwMF5BMl5BanBnXkFtZTgwMDU0NDk5MTI@._V1_UX182_CR0,0,182,268_AL_.jpg',8.4,'https://www.imdb.com/title/tt0043014/'),(320,'Dr. Strangelove or: How I Learned to Stop Worrying and Love the Bomb','An insane general triggers a path to nuclear holocaust that a War Room full of politicians and generals frantically tries to stop.','https://m.media-amazon.com/images/M/MV5BZWI3ZTMxNjctMjdlNS00NmUwLWFiM2YtZDUyY2I3N2MxYTE0XkEyXkFqcGdeQXVyNzkwMjQ5NzM@._V1_UX182_CR0,0,182,268_AL_.jpg',8.4,'https://www.imdb.com/title/tt0057012/'),(321,'Oldboy','After being kidnapped and imprisoned for fifteen years, Oh Dae-Su is released, only to find that he must find his captor in five days.','https://m.media-amazon.com/images/M/MV5BMTI3NTQyMzU5M15BMl5BanBnXkFtZTcwMTM2MjgyMQ@@._V1_UX182_CR0,0,182,268_AL_.jpg',8.4,'https://www.imdb.com/title/tt0364569/'),(322,'Witness for the Prosecution','A veteran British barrister must defend his client in a murder trial that has surprise after surprise.','https://m.media-amazon.com/images/M/MV5BZjEwMmE5MzYtYWExYy00ZjEzLTk4MjUtMmJmNzgxY2MxN2U1XkEyXkFqcGdeQXVyMTg2NTc4MzA@._V1_UY268_CR12,0,182,268_AL_.jpg',8.3,'https://www.imdb.com/title/tt0051201/'),(323,'The Dark Knight Rises','Eight years after the Joker\'s reign of anarchy, Batman, with the help of the enigmatic Catwoman, is forced from his exile to save Gotham City from the brutal guerrilla terrorist Bane.','https://m.media-amazon.com/images/M/MV5BMTk4ODQzNDY3Ml5BMl5BanBnXkFtZTcwODA0NTM4Nw@@._V1_UX182_CR0,0,182,268_AL_.jpg',8.3,'https://www.imdb.com/title/tt1345836/'),(324,'Once Upon a Time in America','A former Prohibition-era Jewish gangster returns to the Lower East Side of Manhattan over thirty years later, where he once again must confront the ghosts and regrets of his old life.','https://m.media-amazon.com/images/M/MV5BMGFkNWI4MTMtNGQ0OC00MWVmLTk3MTktOGYxN2Y2YWVkZWE2XkEyXkFqcGdeQXVyNjU0OTQ0OTY@._V1_UX182_CR0,0,182,268_AL_.jpg',8.3,'https://www.imdb.com/title/tt0087843/'),(325,'Aliens','Ellen Ripley is rescued by a deep salvage team after being in hypersleep for 57 years. The moon that the Nostromo visited has been colonized, but contact is lost. This time, colonial marines have impressive firepower, but will that be enough?','https://m.media-amazon.com/images/M/MV5BZGU2OGY5ZTYtMWNhYy00NjZiLWI0NjUtZmNhY2JhNDRmODU3XkEyXkFqcGdeQXVyNzkwMjQ5NzM@._V1_UX182_CR0,0,182,268_AL_.jpg',8.3,'https://www.imdb.com/title/tt0090605/'),(326,'American Beauty','A sexually frustrated suburban father has a mid-life crisis after becoming infatuated with his daughter\'s best friend.','https://m.media-amazon.com/images/M/MV5BNTBmZWJkNjctNDhiNC00MGE2LWEwOTctZTk5OGVhMWMyNmVhXkEyXkFqcGdeQXVyMTMxODk2OTU@._V1_UX182_CR0,0,182,268_AL_.jpg',8.3,'https://www.imdb.com/title/tt0169547/'),(327,'Kimi no na wa.','Two strangers find themselves linked in a bizarre way. When a connection forms, will distance be the only thing to keep them apart?','https://m.media-amazon.com/images/M/MV5BODRmZDVmNzUtZDA4ZC00NjhkLWI2M2UtN2M0ZDIzNDcxYThjL2ltYWdlXkEyXkFqcGdeQXVyNTk0MzMzODA@._V1_UX182_CR0,0,182,268_AL_.jpg',8.3,'https://www.imdb.com/title/tt5311514/'),(328,'Coco','Aspiring musician Miguel, confronted with his family\'s ancestral ban on music, enters the Land of the Dead to find his great-great-grandfather, a legendary singer.','https://m.media-amazon.com/images/M/MV5BYjQ5NjM0Y2YtNjZkNC00ZDhkLWJjMWItN2QyNzFkMDE3ZjAxXkEyXkFqcGdeQXVyODIxMzk5NjA@._V1_UY268_CR3,0,182,268_AL_.jpg',8.3,'https://www.imdb.com/title/tt2380307/'),(329,'Braveheart','When his secret bride is executed for assaulting an English soldier who tried to rape her, William Wallace begins a revolt against King Edward I of England.','https://m.media-amazon.com/images/M/MV5BMzkzMmU0YTYtOWM3My00YzBmLWI0YzctOGYyNTkwMWE5MTJkXkEyXkFqcGdeQXVyNzkwMjQ5NzM@._V1_UX182_CR0,0,182,268_AL_.jpg',8.3,'https://www.imdb.com/title/tt0112573/'),(330,'Das Boot','The claustrophobic world of a WWII German U-boat; boredom, filth and sheer terror.','https://m.media-amazon.com/images/M/MV5BNGRmOWY0MGUtNTVhMy00NzRlLTljNDAtNTBiNTRlODgxNmY2XkEyXkFqcGdeQXVyNjc1NTYyMjg@._V1_UY268_CR4,0,182,268_AL_.jpg',8.3,'https://www.imdb.com/title/tt0082096/'),(331,'3 Idiots','Two friends are searching for their long lost companion. They revisit their college days and recall the memories of their friend who inspired them to think differently, even as the rest of the world called them \"idiots\".','https://m.media-amazon.com/images/M/MV5BNTkyOGVjMGEtNmQzZi00NzFlLTlhOWQtODYyMDc2ZGJmYzFhXkEyXkFqcGdeQXVyNjU0OTQ0OTY@._V1_UY268_CR2,0,182,268_AL_.jpg',8.3,'https://www.imdb.com/title/tt1187043/'),(332,'Taare Zameen Par','An eight-year-old boy is thought to be a lazy trouble-maker, until the new art teacher has the patience and compassion to discover the real problem behind his struggles in school.','https://m.media-amazon.com/images/M/MV5BNTVmYTk2NjAtYzY3MS00YjFjLTlkYzktYzg3YzMyZDQyOWRiXkEyXkFqcGdeQXVyNjQ2MjQ5NzM@._V1_UY268_CR2,0,182,268_AL_.jpg',8.3,'https://www.imdb.com/title/tt0986264/'),(333,'Star Wars: Episode VI - Return of the Jedi','After a daring mission to rescue Han Solo from Jabba the Hutt, the Rebels dispatch to Endor to destroy the second Death Star. Meanwhile, Luke struggles to help Darth Vader back from the dark side without falling into the Emperor\'s trap.','https://m.media-amazon.com/images/M/MV5BMjA3NzE1MDkyM15BMl5BanBnXkFtZTgwNjg3MjQyNDM@._V1_UX182_CR0,0,182,268_AL_.jpg',8.3,'https://www.imdb.com/title/tt0086190/'),(334,'Toy Story','A cowboy doll is profoundly threatened and jealous when a new spaceman figure supplants him as top toy in a boy\'s room.','https://m.media-amazon.com/images/M/MV5BMDU2ZWJlMjktMTRhMy00ZTA5LWEzNDgtYmNmZTEwZTViZWJkXkEyXkFqcGdeQXVyNDQ2OTk4MzI@._V1_UX182_CR0,0,182,268_AL_.jpg',8.3,'https://www.imdb.com/title/tt0114709/'),(335,'Reservoir Dogs','When a simple jewelry heist goes horribly wrong, the surviving criminals begin to suspect that one of them is a police informant.','https://m.media-amazon.com/images/M/MV5BZmExNmEwYWItYmQzOS00YjA5LTk2MjktZjEyZDE1Y2QxNjA1XkEyXkFqcGdeQXVyMTQxNzMzNDI@._V1_UX182_CR0,0,182,268_AL_.jpg',8.3,'https://www.imdb.com/title/tt0105236/'),(336,'Amadeus','The life, success and troubles of Wolfgang Amadeus Mozart, as told by Antonio Salieri, the contemporaneous composer who was insanely jealous of Mozart\'s talent and claimed to have murdered him.','https://m.media-amazon.com/images/M/MV5BNWJlNzUzNGMtYTAwMS00ZjI2LWFmNWQtODcxNWUxODA5YmU1XkEyXkFqcGdeQXVyNTIzOTk5ODM@._V1_UX182_CR0,0,182,268_AL_.jpg',8.3,'https://www.imdb.com/title/tt0086879/'),(337,'Dangal','Former wrestler Mahavir Singh Phogat and his two wrestler daughters struggle towards glory at the Commonwealth Games in the face of societal oppression.','https://m.media-amazon.com/images/M/MV5BMTQ4MzQzMzM2Nl5BMl5BanBnXkFtZTgwMTQ1NzU3MDI@._V1_UY268_CR4,0,182,268_AL_.jpg',8.3,'https://www.imdb.com/title/tt5074352/'),(338,'Inglourious Basterds','In Nazi-occupied France during World War II, a plan to assassinate Nazi leaders by a group of Jewish U.S. soldiers coincides with a theatre owner\'s vengeful plans for the same.','https://m.media-amazon.com/images/M/MV5BOTJiNDEzOWYtMTVjOC00ZjlmLWE0NGMtZmE1OWVmZDQ2OWJhXkEyXkFqcGdeQXVyNTIzOTk5ODM@._V1_UX182_CR0,0,182,268_AL_.jpg',8.3,'https://www.imdb.com/title/tt0361748/'),(339,'Good Will Hunting','Will Hunting, a janitor at M.I.T., has a gift for mathematics, but needs help from a psychologist to find direction in his life.','https://m.media-amazon.com/images/M/MV5BOTI0MzcxMTYtZDVkMy00NjY1LTgyMTYtZmUxN2M3NmQ2NWJhXkEyXkFqcGdeQXVyMTQxNzMzNDI@._V1_UX182_CR0,0,182,268_AL_.jpg',8.3,'https://www.imdb.com/title/tt0119217/'),(340,'M - Eine Stadt sucht einen Mörder','When the police in a German city are unable to catch a child-murderer, other criminals join in the manhunt.','https://m.media-amazon.com/images/M/MV5BODA4ODk3OTEzMF5BMl5BanBnXkFtZTgwMTQ2ODMwMzE@._V1_UX182_CR0,0,182,268_AL_.jpg',8.3,'https://www.imdb.com/title/tt0022100/'),(341,'Requiem for a Dream','The drug-induced utopias of four Coney Island people are shattered when their addictions run deep.','https://m.media-amazon.com/images/M/MV5BOTdiNzJlOWUtNWMwNS00NmFlLWI0YTEtZmI3YjIzZWUyY2Y3XkEyXkFqcGdeQXVyNjU0OTQ0OTY@._V1_UX182_CR0,0,182,268_AL_.jpg',8.3,'https://www.imdb.com/title/tt0180093/'),(342,'2001: A Space Odyssey','After discovering a mysterious artifact buried beneath the Lunar surface, mankind sets off on a quest to find its origins with help from intelligent supercomputer H.A.L. 9000.','https://m.media-amazon.com/images/M/MV5BMmNlYzRiNDctZWNhMi00MzI4LThkZTctMTUzMmZkMmFmNThmXkEyXkFqcGdeQXVyNzkwMjQ5NzM@._V1_UX182_CR0,0,182,268_AL_.jpg',8.3,'https://www.imdb.com/title/tt0062622/'),(343,'Vertigo','A former police detective juggles wrestling with his personal demons and becoming obsessed with a hauntingly beautiful woman.','https://m.media-amazon.com/images/M/MV5BMTM1Nzk5MzE3MF5BMl5BanBnXkFtZTcwMjAwOTM1Mw@@._V1_UX182_CR0,0,182,268_AL_.jpg',8.3,'https://www.imdb.com/title/tt0052357/'),(344,'Eternal Sunshine of the Spotless Mind','When their relationship turns sour, a couple undergoes a medical procedure to have each other erased from their memories.','https://m.media-amazon.com/images/M/MV5BMTY4NzcwODg3Nl5BMl5BanBnXkFtZTcwNTEwOTMyMw@@._V1_UX182_CR0,0,182,268_AL_.jpg',8.3,'https://www.imdb.com/title/tt0338013/'),(345,'Citizen Kane','Following the death of publishing tycoon, Charles Foster Kane, reporters scramble to uncover the meaning of his final utterance; \'Rosebud\'.','https://m.media-amazon.com/images/M/MV5BYjBiOTYxZWItMzdiZi00NjlkLWIzZTYtYmFhZjhiMTljOTdkXkEyXkFqcGdeQXVyNzkwMjQ5NzM@._V1_UX182_CR0,0,182,268_AL_.jpg',8.3,'https://www.imdb.com/title/tt0033467/'),(346,'The Hunt','A teacher lives a lonely life, all the while struggling over his son\'s custody. His life slowly gets better as he finds love and receives good news from his son, but his new luck is about to be brutally shattered by an innocent little lie.','https://m.media-amazon.com/images/M/MV5BZjhkOTg1ZmYtNWJmNS00Njk4LWE5OTAtNGY0MTNmYzhkMmQyXkEyXkFqcGdeQXVyNTIzOTk5ODM@._V1_UX182_CR0,0,182,268_AL_.jpg',8.3,'https://www.imdb.com/title/tt2106476/'),(347,'Full Metal Jacket','A pragmatic U.S. Marine observes the dehumanizing effects the Vietnam War has on his fellow recruits from their brutal boot camp training to the bloody street fighting in Hue.','https://m.media-amazon.com/images/M/MV5BNzkxODk0NjEtYjc4Mi00ZDI0LTgyYjEtYzc1NDkxY2YzYTgyXkEyXkFqcGdeQXVyNzkwMjQ5NzM@._V1_UX182_CR0,0,182,268_AL_.jpg',8.3,'https://www.imdb.com/title/tt0093058/'),(348,'Alfred Hitchcock\'s North by Northwest','A New York City advertising executive goes on the run after being mistaken for a government agent by a group of foreign spies.','https://m.media-amazon.com/images/M/MV5BMzYwNjc2NTIzN15BMl5BanBnXkFtZTYwNDMyOTM2._V1_UY268_CR4,0,182,268_AL_.jpg',8.3,'https://www.imdb.com/title/tt0053125/'),(349,'A Clockwork Orange','In the future, a sadistic gang leader is imprisoned and volunteers for a conduct-aversion experiment, but it doesn\'t go as planned.','https://m.media-amazon.com/images/M/MV5BMTY3MjM1Mzc4N15BMl5BanBnXkFtZTgwODM0NzAxMDE@._V1_UX182_CR0,0,182,268_AL_.jpg',8.3,'https://www.imdb.com/title/tt0066921/'),(350,'Snatch','Unscrupulous boxing promoters, violent bookmakers, a Russian gangster, incompetent amateur robbers and supposedly Jewish jewelers fight to track down a priceless stolen diamond.','https://m.media-amazon.com/images/M/MV5BMTA2NDYxOGYtYjU1Mi00Y2QzLTgxMTQtMWI1MGI0ZGQ5MmU4XkEyXkFqcGdeQXVyNDk3NzU2MTQ@._V1_UY268_CR0,0,182,268_AL_.jpg',8.3,'https://www.imdb.com/title/tt0208092/'),(351,'The Kid','The Tramp cares for an abandoned child, but events put that relationship in jeopardy.','https://m.media-amazon.com/images/M/MV5BZjhhMThhNDItNTY2MC00MmU1LTliNDEtNDdhZjdlNTY5ZDQ1XkEyXkFqcGdeQXVyNjc1NTYyMjg@._V1_UX182_CR0,0,182,268_AL_.jpg',8.2,'https://www.imdb.com/title/tt0012349/'),(352,'Amélie','Amélie is an innocent and naive girl in Paris with her own sense of justice. She decides to help those around her and, along the way, discovers love.','https://m.media-amazon.com/images/M/MV5BNDg4NjM1YjMtYmNhZC00MjM0LWFiZmYtNGY1YjA3MzZmODc5XkEyXkFqcGdeQXVyNDk3NzU2MTQ@._V1_UX182_CR0,0,182,268_AL_.jpg',8.2,'https://www.imdb.com/title/tt0211915/'),(353,'Bicycle Thieves','In post-war Italy, a working-class man\'s bicycle is stolen. He and his son set out to find it.','https://m.media-amazon.com/images/M/MV5BMjIzMzAyMzg1Nl5BMl5BanBnXkFtZTgwMzMyNzk0MTE@._V1_UY268_CR2,0,182,268_AL_.jpg',8.2,'https://www.imdb.com/title/tt0040522/'),(354,'Scarface','In 1980 Miami, a determined Cuban immigrant takes over a drug cartel and succumbs to greed.','https://m.media-amazon.com/images/M/MV5BNjdjNGQ4NDEtNTEwYS00MTgxLTliYzQtYzE2ZDRiZjFhZmNlXkEyXkFqcGdeQXVyNjU0OTQ0OTY@._V1_UX182_CR0,0,182,268_AL_.jpg',8.2,'https://www.imdb.com/title/tt0086250/'),(355,'Singin\' in the Rain','A silent film production company and cast make a difficult transition to sound.','https://m.media-amazon.com/images/M/MV5BMWUyNjQ5MTAtNDJhYS00MWQ0LTk2ZTAtZmE4MWNlMjMwMzg3XkEyXkFqcGdeQXVyNTA4NzY1MzY@._V1_UX182_CR0,0,182,268_AL_.jpg',8.2,'https://www.imdb.com/title/tt0045152/'),(356,'Lawrence of Arabia','The story of T.E. Lawrence, the English officer who successfully united and led the diverse, often warring, Arab tribes during World War I in order to fight the Turks.','https://m.media-amazon.com/images/M/MV5BYWY5ZjhjNGYtZmI2Ny00ODM0LWFkNzgtZmI1YzA2N2MxMzA0XkEyXkFqcGdeQXVyNjUwNzk3NDc@._V1_UY268_CR2,0,182,268_AL_.jpg',8.2,'https://www.imdb.com/title/tt0056172/'),(357,'Taxi Driver','A mentally unstable veteran works as a nighttime taxi driver in New York City, where the perceived decadence and sleaze fuels his urge for violent action by attempting to liberate a presidential campaign worker and an underage prostitute.','https://m.media-amazon.com/images/M/MV5BM2M1MmVhNDgtNmI0YS00ZDNmLTkyNjctNTJiYTQ2N2NmYzc2XkEyXkFqcGdeQXVyNzkwMjQ5NzM@._V1_UX182_CR0,0,182,268_AL_.jpg',8.2,'https://www.imdb.com/title/tt0075314/'),(358,'Toy Story 3','The toys are mistakenly delivered to a day-care center instead of the attic right before Andy leaves for college, and it\'s up to Woody to convince the other toys that they weren\'t abandoned and to return home.','https://m.media-amazon.com/images/M/MV5BMTgxOTY4Mjc0MF5BMl5BanBnXkFtZTcwNTA4MDQyMw@@._V1_UY268_CR3,0,182,268_AL_.jpg',8.2,'https://www.imdb.com/title/tt0435761/'),(359,'The Sting','Two grifters team up to pull off the ultimate con.','https://m.media-amazon.com/images/M/MV5BNGU3NjQ4YTMtZGJjOS00YTQ3LThmNmItMTI5MDE2ODI3NzY3XkEyXkFqcGdeQXVyMjUzOTY1NTc@._V1_UX182_CR0,0,182,268_AL_.jpg',8.2,'https://www.imdb.com/title/tt0070735/'),(360,'Metropolis','In a futuristic city sharply divided between the working class and the city planners, the son of the city\'s mastermind falls in love with a working class prophet who predicts the coming of a savior to mediate their differences.','https://m.media-amazon.com/images/M/MV5BMTg5YWIyMWUtZDY5My00Zjc1LTljOTctYmI0MWRmY2M2NmRkXkEyXkFqcGdeQXVyMTMxODk2OTU@._V1_UX182_CR0,0,182,268_AL_.jpg',8.2,'https://www.imdb.com/title/tt0017136/'),(361,'For a Few Dollars More','Two bounty hunters with the same intentions team up to track down a Western outlaw.','https://m.media-amazon.com/images/M/MV5BNWM1NmYyM2ItMTFhNy00NDU0LThlYWUtYjQyYTJmOTY0ZmM0XkEyXkFqcGdeQXVyNjU0OTQ0OTY@._V1_UX182_CR0,0,182,268_AL_.jpg',8.2,'https://www.imdb.com/title/tt0059578/'),(362,'Ikiru','A bureaucrat tries to find a meaning in his life after he discovers he has terminal cancer.','https://m.media-amazon.com/images/M/MV5BZmM0NGY3Y2MtMTA1YS00YmQzLTk2YTctYWFhMDkzMDRjZWQzXkEyXkFqcGdeQXVyNTA4NzY1MzY@._V1_UX182_CR0,0,182,268_AL_.jpg',8.2,'https://www.imdb.com/title/tt0044741/'),(363,'Jodaeiye Nader az Simin','A married couple are faced with a difficult decision - to improve the life of their child by moving to another country or to stay in Iran and look after a deteriorating parent who has Alzheimer\'s disease.','https://m.media-amazon.com/images/M/MV5BMTYzMzU4NDUwOF5BMl5BanBnXkFtZTcwMTM5MjA5Ng@@._V1_UX182_CR0,0,182,268_AL_.jpg',8.2,'https://www.imdb.com/title/tt1832382/'),(364,'Double Indemnity','An insurance representative lets himself be talked by a seductive housewife into a murder/insurance fraud scheme that arouses the suspicion of an insurance investigator.','https://m.media-amazon.com/images/M/MV5BOTdlNjgyZGUtOTczYi00MDdhLTljZmMtYTEwZmRiOWFkYjRhXkEyXkFqcGdeQXVyNDY2MTk1ODk@._V1_UX182_CR0,0,182,268_AL_.jpg',8.2,'https://www.imdb.com/title/tt0036775/'),(365,'To Kill a Mockingbird','Atticus Finch, a lawyer in the Depression-era South, defends a black man against an undeserved rape charge, and his children against prejudice.','https://m.media-amazon.com/images/M/MV5BNmVmYzcwNzMtMWM1NS00MWIyLThlMDEtYzUwZDgzODE1NmE2XkEyXkFqcGdeQXVyNzkwMjQ5NzM@._V1_UX182_CR0,0,182,268_AL_.jpg',8.2,'https://www.imdb.com/title/tt0056592/'),(366,'Capernaum','While serving a five-year sentence for a violent crime, a 12-year-old boy sues his parents for neglect.','https://m.media-amazon.com/images/M/MV5BMmExNzU2ZWMtYzUwYi00YmM2LTkxZTQtNmVhNjY0NTMyMWI2XkEyXkFqcGdeQXVyMTMxODk2OTU@._V1_UX182_CR0,0,182,268_AL_.jpg',8.2,'https://www.imdb.com/title/tt8267604/'),(367,'Indiana Jones and the Last Crusade','In 1938, after his father Professor Henry Jones, Sr. goes missing while pursuing the Holy Grail, Professor Henry \"Indiana\" Jones, Jr. finds himself up against Adolf Hitler\'s Nazis again to stop them from obtaining its powers.','https://m.media-amazon.com/images/M/MV5BMjNkMzc2N2QtNjVlNS00ZTk5LTg0MTgtODY2MDAwNTMwZjBjXkEyXkFqcGdeQXVyNDk3NzU2MTQ@._V1_UX182_CR0,0,182,268_AL_.jpg',8.2,'https://www.imdb.com/title/tt0097576/'),(368,'The Apartment','A man tries to rise in his company by letting its executives use his apartment for trysts, but complications and a romance of his own ensue.','https://m.media-amazon.com/images/M/MV5BNzkwODFjNzItMmMwNi00MTU5LWE2MzktM2M4ZDczZGM1MmViXkEyXkFqcGdeQXVyNDY2MTk1ODk@._V1_UX182_CR0,0,182,268_AL_.jpg',8.2,'https://www.imdb.com/title/tt0053604/'),(369,'Up','Seventy-eight year old Carl Fredricksen travels to Paradise Falls in his home equipped with balloons, inadvertently taking a young stowaway.','https://m.media-amazon.com/images/M/MV5BMTk3NDE2NzI4NF5BMl5BanBnXkFtZTgwNzE1MzEyMTE@._V1_UX182_CR0,0,182,268_AL_.jpg',8.2,'https://www.imdb.com/title/tt1049413/'),(370,'L.A. Confidential','As corruption grows in 1950s Los Angeles, three policemen -- one strait-laced, one brutal, and one sleazy -- investigate a series of murders with their own brand of justice.','https://m.media-amazon.com/images/M/MV5BMDQ2YzEyZGItYWRhOS00MjBmLTkzMDUtMTdjYzkyMmQxZTJlXkEyXkFqcGdeQXVyNjU0OTQ0OTY@._V1_UY268_CR0,0,182,268_AL_.jpg',8.2,'https://www.imdb.com/title/tt0119488/'),(371,'Monty Python and the Holy Grail','King Arthur and his Knights of the Round Table embark on a surreal, low-budget search for the Holy Grail, encountering many, very silly obstacles.','https://m.media-amazon.com/images/M/MV5BN2IyNTE4YzUtZWU0Mi00MGIwLTgyMmQtMzQ4YzQxYWNlYWE2XkEyXkFqcGdeQXVyNjU0OTQ0OTY@._V1_UX182_CR0,0,182,268_AL_.jpg',8.2,'https://www.imdb.com/title/tt0071853/'),(372,'Incendies','Twins journey to the Middle East to discover their family history and fulfill their mother\'s last wishes.','https://m.media-amazon.com/images/M/MV5BMWE3MGYzZjktY2Q5Mi00Y2NiLWIyYWUtMmIyNzA3YmZlMGFhXkEyXkFqcGdeQXVyMTMxODk2OTU@._V1_UX182_CR0,0,182,268_AL_.jpg',8.2,'https://www.imdb.com/title/tt1255953/'),(373,'Heat','A group of professional bank robbers start to feel the heat from police when they unknowingly leave a clue at their latest heist.','https://m.media-amazon.com/images/M/MV5BNDc0YTQ5NGEtM2NkYS00MWRhLThiNzAtNmY3NWU3YzNkMjIyXkEyXkFqcGdeQXVyNzkwMjQ5NzM@._V1_UX182_CR0,0,182,268_AL_.jpg',8.2,'https://www.imdb.com/title/tt0113277/'),(374,'Rashomon','The rape of a bride and the murder of her samurai husband are recalled from the perspectives of a bandit, the bride, the samurai\'s ghost and a woodcutter.','https://m.media-amazon.com/images/M/MV5BMTk1MDU5MjQ5NF5BMl5BanBnXkFtZTgwMDM2OTE4MzE@._V1_UY268_CR3,0,182,268_AL_.jpg',8.2,'https://www.imdb.com/title/tt0042876/'),(375,'Yojimbo','A crafty ronin comes to a town divided by two criminal gangs and decides to play them against each other to free the town.','https://m.media-amazon.com/images/M/MV5BZThiZjAzZjgtNDU3MC00YThhLThjYWUtZGRkYjc2ZWZlOTVjXkEyXkFqcGdeQXVyNTA4NzY1MzY@._V1_UX182_CR0,0,182,268_AL_.jpg',8.2,'https://www.imdb.com/title/tt0055630/'),(376,'Batman Begins','After training with his mentor, Batman begins his fight to free crime-ridden Gotham City from corruption.','https://m.media-amazon.com/images/M/MV5BZmUwNGU2ZmItMmRiNC00MjhlLTg5YWUtODMyNzkxODYzMmZlXkEyXkFqcGdeQXVyNTIzOTk5ODM@._V1_UY268_CR9,0,182,268_AL_.jpg',8.2,'https://www.imdb.com/title/tt0372784/'),(377,'Die Hard','An NYPD officer tries to save his wife and several others taken hostage by German terrorists during a Christmas party at the Nakatomi Plaza in Los Angeles.','https://m.media-amazon.com/images/M/MV5BZjRlNDUxZjAtOGQ4OC00OTNlLTgxNmQtYTBmMDgwZmNmNjkxXkEyXkFqcGdeQXVyNzkwMjQ5NzM@._V1_UX182_CR0,0,182,268_AL_.jpg',8.2,'https://www.imdb.com/title/tt0095016/'),(378,'Unforgiven','Retired Old West gunslinger William Munny (Clint Eastwood) reluctantly takes on one last job, with the help of his old partner Ned Logan (Morgan Freeman) and a young man, The \"Schofield Kid\" (Jaimz Woolvett).','https://m.media-amazon.com/images/M/MV5BODM3YWY4NmQtN2Y3Ni00OTg0LWFhZGQtZWE3ZWY4MTJlOWU4XkEyXkFqcGdeQXVyNjU0OTQ0OTY@._V1_UX182_CR0,0,182,268_AL_.jpg',8.2,'https://www.imdb.com/title/tt0105695/'),(379,'Green Book','A working-class Italian-American bouncer becomes the driver of an African-American classical pianist on a tour of venues through the 1960s American South.','https://m.media-amazon.com/images/M/MV5BYzIzYmJlYTYtNGNiYy00N2EwLTk4ZjItMGYyZTJiOTVkM2RlXkEyXkFqcGdeQXVyODY1NDk1NjE@._V1_UX182_CR0,0,182,268_AL_.jpg',8.2,'https://www.imdb.com/title/tt6966692/'),(380,'Downfall','Traudl Junge, the final secretary for Adolf Hitler, tells of the Nazi dictator\'s final days in his Berlin bunker at the end of WWII.','https://m.media-amazon.com/images/M/MV5BZDFmNzI3YmItMTMyMy00YjE1LTliYTgtN2Q4M2QzZDE5MTlhXkEyXkFqcGdeQXVyMTQxNzMzNDI@._V1_UX182_CR0,0,182,268_AL_.jpg',8.2,'https://www.imdb.com/title/tt0363163/'),(381,'Bacheha-Ye aseman','After a boy loses his sister\'s pair of shoes, he goes on a series of adventures in order to find them. When he can\'t, he tries a new way to \"win\" a new pair.','https://m.media-amazon.com/images/M/MV5BZTYwZWQ4ZTQtZWU0MS00N2YwLWEzMDItZWFkZWY0MWVjODVhXkEyXkFqcGdeQXVyNjU0OTQ0OTY@._V1_UX182_CR0,0,182,268_AL_.jpg',8.2,'https://www.imdb.com/title/tt0118849/'),(382,'Some Like It Hot','When two male musicians witness a mob hit, they flee the state in an all-female band disguised as women, but further complications set in.','https://m.media-amazon.com/images/M/MV5BNzAyOGIxYjAtMGY2NC00ZTgyLWIwMWEtYzY0OWQ4NDFjOTc5XkEyXkFqcGdeQXVyNjU0OTQ0OTY@._V1_UX182_CR0,0,182,268_AL_.jpg',8.2,'https://www.imdb.com/title/tt0053291/'),(383,'Howl\'s Moving Castle','When an unconfident young woman is cursed with an old body by a spiteful witch, her only chance of breaking the spell lies with a self-indulgent yet insecure young wizard and his companions in his legged, walking castle.','https://m.media-amazon.com/images/M/MV5BZTRhY2QwM2UtNWRlNy00ZWQwLTg3MjktZThmNjQ3NTdjN2IxXkEyXkFqcGdeQXVyMzg2MzE2OTE@._V1_UY268_CR5,0,182,268_AL_.jpg',8.2,'https://www.imdb.com/title/tt0347149/'),(384,'The Great Escape','Allied prisoners of war plan for several hundred of their number to escape from a German camp during World War II.','https://m.media-amazon.com/images/M/MV5BNzA2NmYxMWUtNzBlMC00MWM2LTkwNmQtYTFlZjQwODNhOWE0XkEyXkFqcGdeQXVyNTIzOTk5ODM@._V1_UX182_CR0,0,182,268_AL_.jpg',8.2,'https://www.imdb.com/title/tt0057115/'),(385,'My Neighbour Totoro','When two girls move to the country to be near their ailing mother, they have adventures with the wondrous forest spirits who live nearby.','https://m.media-amazon.com/images/M/MV5BNTdiOTQ0YmUtOGE3YS00NDg5LWI3YTEtNDAxZmE0MzRmZWM5L2ltYWdlXkEyXkFqcGdeQXVyNTAyODkwOQ@@._V1_UY268_CR6,0,182,268_AL_.jpg',8.2,'https://www.imdb.com/title/tt0096283/'),(386,'Ran','In Medieval Japan, an elderly warlord retires, handing over his empire to his three sons. However, he vastly underestimates how the new-found power will corrupt them and cause them to turn on each other...and him.','https://m.media-amazon.com/images/M/MV5BNTEyNjg0MDM4OF5BMl5BanBnXkFtZTgwODI0NjUxODE@._V1_UY268_CR2,0,182,268_AL_.jpg',8.2,'https://www.imdb.com/title/tt0089881/'),(387,'A Beautiful Mind','After John Nash, a brilliant but asocial mathematician, accepts secret work in cryptography, his life takes a turn for the nightmarish.','https://m.media-amazon.com/images/M/MV5BMzcwYWFkYzktZjAzNC00OGY1LWI4YTgtNzc5MzVjMDVmNjY0XkEyXkFqcGdeQXVyMTQxNzMzNDI@._V1_UX182_CR0,0,182,268_AL_.jpg',8.2,'https://www.imdb.com/title/tt0268978/'),(388,'All About Eve','An ingénue insinuates herself into the lives of an established but aging stage actress and her circle of theater friends.','https://m.media-amazon.com/images/M/MV5BMTY2MTAzODI5NV5BMl5BanBnXkFtZTgwMjM4NzQ0MjE@._V1_UX182_CR0,0,182,268_AL_.jpg',8.2,'https://www.imdb.com/title/tt0042192/'),(389,'Pan\'s Labyrinth','In the Falangist Spain of 1944, the bookish young stepdaughter of a sadistic army officer escapes into an eerie but captivating fantasy world.','https://m.media-amazon.com/images/M/MV5BMTU3ODg2NjQ5NF5BMl5BanBnXkFtZTcwMDEwODgzMQ@@._V1_UY268_CR0,0,182,268_AL_.jpg',8.2,'https://www.imdb.com/title/tt0457430/'),(390,'Come and See','After finding an old rifle, a young boy joins the Soviet resistance movement against ruthless German forces and experiences the horrors of World War II.','https://m.media-amazon.com/images/M/MV5BODM4Njg0NTAtYjI5Ny00ZjAxLTkwNmItZTMxMWU5M2U3M2RjXkEyXkFqcGdeQXVyNzkwMjQ5NzM@._V1_UX182_CR0,0,182,268_AL_.jpg',8.2,'https://www.imdb.com/title/tt0091251/'),(391,'Casino','A tale of greed, deception, money, power, and murder occur between two best friends: a mafia enforcer and a casino executive, compete against each other over a gambling empire, and over a fast living and fast loving socialite.','https://m.media-amazon.com/images/M/MV5BMTcxOWYzNDYtYmM4YS00N2NkLTk0NTAtNjg1ODgwZjAxYzI3XkEyXkFqcGdeQXVyNTA4NzY1MzY@._V1_UX182_CR0,0,182,268_AL_.jpg',8.2,'https://www.imdb.com/title/tt0112641/'),(392,'El secreto de sus ojos','A retired legal counselor writes a novel hoping to find closure for one of his past unresolved homicide cases and for his unreciprocated love with his superior - both of which still haunt him decades later.','https://m.media-amazon.com/images/M/MV5BMTgwNTI3OTczOV5BMl5BanBnXkFtZTcwMTM3MTUyMw@@._V1_UX182_CR0,0,182,268_AL_.jpg',8.2,'https://www.imdb.com/title/tt1305806/'),(393,'Raging Bull','The life of boxer Jake LaMotta, whose violence and temper that led him to the top in the ring destroyed his life outside of it.','https://m.media-amazon.com/images/M/MV5BYjRmODkzNDItMTNhNi00YjJlLTg0ZjAtODlhZTM0YzgzYThlXkEyXkFqcGdeQXVyNzQ1ODk3MTQ@._V1_UX182_CR0,0,182,268_AL_.jpg',8.2,'https://www.imdb.com/title/tt0081398/'),(394,'Lock, Stock and Two Smoking Barrels','A botched card game in London triggers four friends, thugs, weed-growers, hard gangsters, loan sharks and debt collectors to collide with each other in a series of unexpected events, all for the sake of weed, cash and two antique shotguns.','https://m.media-amazon.com/images/M/MV5BMTAyN2JmZmEtNjAyMy00NzYwLThmY2MtYWQ3OGNhNjExMmM4XkEyXkFqcGdeQXVyNDk3NzU2MTQ@._V1_UX182_CR0,0,182,268_AL_.jpg',8.2,'https://www.imdb.com/title/tt0120735/'),(395,'Drishyam','A man goes to extreme lengths to save his family from punishment after the family commits an accidental crime.','https://m.media-amazon.com/images/M/MV5BYmY3MzYwMGUtOWMxYS00OGVhLWFjNmUtYzlkNGVmY2ZkMjA3XkEyXkFqcGdeQXVyMTExNDQ2MTI@._V1_UY268_CR11,0,182,268_AL_.jpg',8.1,'https://www.imdb.com/title/tt3417422/'),(396,'The Treasure of the Sierra Madre','Two Americans searching for work in Mexico convince an old prospector to help them mine for gold in the Sierra Madre Mountains.','https://m.media-amazon.com/images/M/MV5BOTJlZWMxYzEtMjlkMS00ODE0LThlM2ItMDI3NGQ2YjhmMzkxXkEyXkFqcGdeQXVyMDI2NDg0NQ@@._V1_UX182_CR0,0,182,268_AL_.jpg',8.1,'https://www.imdb.com/title/tt0040897/'),(397,'The Wolf of Wall Street','Based on the true story of Jordan Belfort, from his rise to a wealthy stock-broker living the high life to his fall involving crime, corruption and the federal government.','https://m.media-amazon.com/images/M/MV5BMjIxMjgxNTk0MF5BMl5BanBnXkFtZTgwNjIyOTg2MDE@._V1_UX182_CR0,0,182,268_AL_.jpg',8.1,'https://www.imdb.com/title/tt0993846/'),(398,'Babam ve Oglum','The family of a left-wing journalist is torn apart after a military coup in 1980\'s Turkey.','https://m.media-amazon.com/images/M/MV5BNjAzMzEwYzctNjc1MC00Nzg5LWFmMGItMTgzYmMyNTY2OTQ4XkEyXkFqcGdeQXVyNjU0OTQ0OTY@._V1_UY268_CR2,0,182,268_AL_.jpg',8.1,'https://www.imdb.com/title/tt0476735/'),(399,'Judgment at Nuremberg','In 1948, an American court in occupied Germany tries four Nazis judged for war crimes.','https://m.media-amazon.com/images/M/MV5BZDZjMTIwZTQtNTM3OS00OTUyLWI5MTMtOTNjYWVkNzhjMWIxXkEyXkFqcGdeQXVyNTc1NTQxODI@._V1_UX182_CR0,0,182,268_AL_.jpg',8.1,'https://www.imdb.com/title/tt0055031/'),(400,'Three Billboards Outside Ebbing, Missouri','A mother personally challenges the local authorities to solve her daughter\'s murder when they fail to catch the culprit.','https://m.media-amazon.com/images/M/MV5BMjMxNzgwMDUyMl5BMl5BanBnXkFtZTgwMTQ0NTIyNDM@._V1_UX182_CR0,0,182,268_AL_.jpg',8.1,'https://www.imdb.com/title/tt5027774/'),(401,'Chinatown','A private detective hired to expose an adulterer finds himself caught up in a web of deceit, corruption, and murder.','https://m.media-amazon.com/images/M/MV5BOGMwYmY5ZmEtMzY1Yi00OWJiLTk1Y2MtMzI2MjBhYmZkNTQ0XkEyXkFqcGdeQXVyNzkwMjQ5NzM@._V1_UX182_CR0,0,182,268_AL_.jpg',8.1,'https://www.imdb.com/title/tt0071315/'),(402,'The Gold Rush','A prospector goes to the Klondike in search of gold and finds it and more.','https://m.media-amazon.com/images/M/MV5BZjEyOTE4MzMtNmMzMy00Mzc3LWJlOTQtOGJiNDE0ZmJiOTU4L2ltYWdlXkEyXkFqcGdeQXVyNTAyODkwOQ@@._V1_UY268_CR7,0,182,268_AL_.jpg',8.1,'https://www.imdb.com/title/tt0015864/'),(403,'Dial M for Murder','A tennis player frames his unfaithful wife for first-degree murder after she inadvertently hinders his plan to kill her.','https://m.media-amazon.com/images/M/MV5BOWIwODIxYWItZDI4MS00YzhhLWE3MmYtMzlhZDIwOTMzZmE5L2ltYWdlXkEyXkFqcGdeQXVyNjc1NTYyMjg@._V1_UX182_CR0,0,182,268_AL_.jpg',8.1,'https://www.imdb.com/title/tt0046912/'),(404,'There Will Be Blood','A story of family, religion, hatred, oil and madness, focusing on a turn-of-the-century prospector in the early days of the business.','https://m.media-amazon.com/images/M/MV5BMjAxODQ4MDU5NV5BMl5BanBnXkFtZTcwMDU4MjU1MQ@@._V1_UX182_CR0,0,182,268_AL_.jpg',8.1,'https://www.imdb.com/title/tt0469494/'),(405,'Inside Out','After young Riley is uprooted from her Midwest life and moved to San Francisco, her emotions - Joy, Fear, Anger, Disgust and Sadness - conflict on how best to navigate a new city, house, and school.','https://m.media-amazon.com/images/M/MV5BOTgxMDQwMDk0OF5BMl5BanBnXkFtZTgwNjU5OTg2NDE@._V1_UX182_CR0,0,182,268_AL_.jpg',8.1,'https://www.imdb.com/title/tt2096673/'),(406,'V for Vendetta','In a future British tyranny, a shadowy freedom fighter, known only by the alias of \"V\", plots to overthrow it with the help of a young woman.','https://m.media-amazon.com/images/M/MV5BYzllMjJkODAtYjMwMi00YmNhLWFhYzAtZjZjODg5YzEwOGUwXkEyXkFqcGdeQXVyNjU0OTQ0OTY@._V1_UY268_CR0,0,182,268_AL_.jpg',8.1,'https://www.imdb.com/title/tt0434409/'),(407,'The Seventh Seal','A man seeks answers about life, death, and the existence of God as he plays chess against the Grim Reaper during the Black Plague.','https://m.media-amazon.com/images/M/MV5BNWE2NmMwZjgtOWYxYy00NWU0LTkzOGUtYTg4Yjk3MDFmY2IyXkEyXkFqcGdeQXVyMTMxODk2OTU@._V1_UX182_CR0,0,182,268_AL_.jpg',8.1,'https://www.imdb.com/title/tt0050976/'),(408,'Warrior','The youngest son of an alcoholic former boxer returns home, where he\'s trained by his father for competition in a mixed martial arts tournament - a path that puts the fighter on a collision course with his estranged, older brother.','https://m.media-amazon.com/images/M/MV5BMTk4ODk5MTMyNV5BMl5BanBnXkFtZTcwMDMyNTg0Ng@@._V1_UX182_CR0,0,182,268_AL_.jpg',8.1,'https://www.imdb.com/title/tt1291584/'),(409,'Room','Held captive for 7 years in an enclosed space, a woman and her young son finally gain their freedom, allowing the boy to experience the outside world for the first time.','https://m.media-amazon.com/images/M/MV5BMjE4NzgzNzEwMl5BMl5BanBnXkFtZTgwMTMzMDE0NjE@._V1_UX182_CR0,0,182,268_AL_.jpg',8.1,'https://www.imdb.com/title/tt3170832/'),(410,'No Country for Old Men','Violence and mayhem ensue after a hunter stumbles upon a drug deal gone wrong and more than two million dollars in cash near the Rio Grande.','https://m.media-amazon.com/images/M/MV5BMjA5Njk3MjM4OV5BMl5BanBnXkFtZTcwMTc5MTE1MQ@@._V1_UY268_CR0,0,182,268_AL_.jpg',8.1,'https://www.imdb.com/title/tt0477348/'),(411,'Trainspotting','Renton, deeply immersed in the Edinburgh drug scene, tries to clean up and get out, despite the allure of the drugs and influence of friends.','https://m.media-amazon.com/images/M/MV5BMzA5Zjc3ZTMtMmU5YS00YTMwLWI4MWUtYTU0YTVmNjVmODZhXkEyXkFqcGdeQXVyNjU0OTQ0OTY@._V1_UX182_CR0,0,182,268_AL_.jpg',8.1,'https://www.imdb.com/title/tt0117951/'),(412,'The Elephant Man','A Victorian surgeon rescues a heavily disfigured man who is mistreated while scraping a living as a side-show freak. Behind his monstrous façade, there is revealed a person of kindness, intelligence and sophistication.','https://m.media-amazon.com/images/M/MV5BMDVjNjIwOGItNDE3Ny00OThjLWE0NzQtZTU3YjMzZTZjMzhkXkEyXkFqcGdeQXVyMTQxNzMzNDI@._V1_UX182_CR0,0,182,268_AL_.jpg',8.1,'https://www.imdb.com/title/tt0080678/'),(413,'The Sixth Sense','A boy who communicates with spirits seeks the help of a disheartened child psychologist.','https://m.media-amazon.com/images/M/MV5BMWM4NTFhYjctNzUyNi00NGMwLTk3NTYtMDIyNTZmMzRlYmQyXkEyXkFqcGdeQXVyMTAwMzUyOTc@._V1_UX182_CR0,0,182,268_AL_.jpg',8.1,'https://www.imdb.com/title/tt0167404/'),(414,'Shutter Island','In 1954, a U.S. Marshal investigates the disappearance of a murderer who escaped from a hospital for the criminally insane.','https://m.media-amazon.com/images/M/MV5BYzhiNDkyNzktNTZmYS00ZTBkLTk2MDAtM2U0YjU1MzgxZjgzXkEyXkFqcGdeQXVyMTMxODk2OTU@._V1_UX182_CR0,0,182,268_AL_.jpg',8.1,'https://www.imdb.com/title/tt1130884/'),(415,'Andhadhun','A series of mysterious events changes the life of a blind pianist, who must now report a crime that he should technically know nothing of.','https://m.media-amazon.com/images/M/MV5BZWZhMjhhZmYtOTIzOC00MGYzLWI1OGYtM2ZkN2IxNTI4ZWI3XkEyXkFqcGdeQXVyNDAzNDk0MTQ@._V1_UY268_CR1,0,182,268_AL_.jpg',8.1,'https://www.imdb.com/title/tt8108198/'),(416,'The Thing','A research team in Antarctica is hunted by a shape-shifting alien that assumes the appearance of its victims.','https://m.media-amazon.com/images/M/MV5BNDcyZmFjY2YtN2I1OC00MzU3LWIzZGEtZDA5N2VlNDJjYWI3L2ltYWdlXkEyXkFqcGdeQXVyNTAyODkwOQ@@._V1_UX182_CR0,0,182,268_AL_.jpg',8.1,'https://www.imdb.com/title/tt0084787/'),(417,'Gone with the Wind','A manipulative woman and a roguish man conduct a turbulent romance during the American Civil War and Reconstruction periods.','https://m.media-amazon.com/images/M/MV5BYjUyZWZkM2UtMzYxYy00ZmQ3LWFmZTQtOGE2YjBkNjA3YWZlXkEyXkFqcGdeQXVyNzkwMjQ5NzM@._V1_UX182_CR0,0,182,268_AL_.jpg',8.1,'https://www.imdb.com/title/tt0031381/'),(418,'The Bridge on the River Kwai','British POWs build a railway bridge across the river Kwai for their Japanese captors, oblivious of the Allies\' plans to destroy it.','https://m.media-amazon.com/images/M/MV5BMGVhNjhjODktODgxYS00MDdhLTlkZjktYTkyNzQxMTU0ZDYxXkEyXkFqcGdeQXVyNzkwMjQ5NzM@._V1_UX182_CR0,0,182,268_AL_.jpg',8.1,'https://www.imdb.com/title/tt0050212/'),(419,'Blade Runner','A blade runner must pursue and terminate four replicants who stole a ship in space, and have returned to Earth to find their creator.','https://m.media-amazon.com/images/M/MV5BNzQzMzJhZTEtOWM4NS00MTdhLTg0YjgtMjM4MDRkZjUwZDBlXkEyXkFqcGdeQXVyNjU0OTQ0OTY@._V1_UX182_CR0,0,182,268_AL_.jpg',8.1,'https://www.imdb.com/title/tt0083658/'),(420,'The Third Man','Pulp novelist Holly Martins travels to shadowy, postwar Vienna, only to find himself investigating the mysterious death of an old friend, Harry Lime.','https://m.media-amazon.com/images/M/MV5BMjMwNzMzMTQ0Ml5BMl5BanBnXkFtZTgwNjExMzUwNjE@._V1_UX182_CR0,0,182,268_AL_.jpg',8.1,'https://www.imdb.com/title/tt0041959/'),(421,'On the Waterfront','An ex-prize fighter turned longshoreman struggles to stand up to his corrupt union bosses.','https://m.media-amazon.com/images/M/MV5BY2I0MWFiZDMtNWQyYy00Njk5LTk3MDktZjZjNTNmZmVkYjkxXkEyXkFqcGdeQXVyNjc1NTYyMjg@._V1_UX182_CR0,0,182,268_AL_.jpg',8.1,'https://www.imdb.com/title/tt0047296/'),(422,'Wild Strawberries','After living a life marked by coldness, an aging professor is forced to confront the emptiness of his existence.','https://m.media-amazon.com/images/M/MV5BM2NiYjhmMzctMzliMC00NDBlLWJkYzItZjIwYjYzNDg3OGQzXkEyXkFqcGdeQXVyMzAxNjg3MjQ@._V1_UX182_CR0,0,182,268_AL_.jpg',8.1,'https://www.imdb.com/title/tt0050986/'),(423,'Jurassic Park','A pragmatic Paleontologist visiting an almost complete theme park is tasked with protecting a couple of kids after a power failure causes the park\'s cloned dinosaurs to run loose.','https://m.media-amazon.com/images/M/MV5BMjM2MDgxMDg0Nl5BMl5BanBnXkFtZTgwNTM2OTM5NDE@._V1_UX182_CR0,0,182,268_AL_.jpg',8.1,'https://www.imdb.com/title/tt0107290/'),(424,'Finding Nemo','After his son is captured in the Great Barrier Reef and taken to Sydney, a timid clownfish sets out on a journey to bring him home.','https://m.media-amazon.com/images/M/MV5BZTAzNWZlNmUtZDEzYi00ZjA5LWIwYjEtZGM1NWE1MjE4YWRhXkEyXkFqcGdeQXVyNjU0OTQ0OTY@._V1_UX182_CR0,0,182,268_AL_.jpg',8.1,'https://www.imdb.com/title/tt0266543/'),(425,'Eskiya','Baran the Bandit, released from prison after 35 years searches for vengeance and his lover.','https://m.media-amazon.com/images/M/MV5BOGQ4ZjFmYjktOGNkNS00OWYyLWIyZjgtMGJjM2U1ZTA0ZTlhXkEyXkFqcGdeQXVyNTA4NzY1MzY@._V1_UY268_CR4,0,182,268_AL_.jpg',8.1,'https://www.imdb.com/title/tt0116231/'),(426,'Gran Torino','Disgruntled Korean War veteran Walt Kowalski (Clint Eastwood) sets out to reform his neighbor, Thao Lor (Bee Vang), a Hmong teenager who tried to steal Kowalski\'s prized possession: a 1972 Gran Torino.','https://m.media-amazon.com/images/M/MV5BMTc5NTk2OTU1Nl5BMl5BanBnXkFtZTcwMDc3NjAwMg@@._V1_UX182_CR0,0,182,268_AL_.jpg',8.1,'https://www.imdb.com/title/tt1205489/'),(427,'Fargo','Jerry Lundegaard\'s inept crime falls apart due to his and his henchmen\'s bungling and the persistent police work of the quite pregnant Marge Gunderson.','https://m.media-amazon.com/images/M/MV5BNDJiZDgyZjctYmRjMS00ZjdkLTkwMTEtNGU1NDg3NDQ0Yzk1XkEyXkFqcGdeQXVyNzkwMjQ5NzM@._V1_UX182_CR0,0,182,268_AL_.jpg',8.1,'https://www.imdb.com/title/tt0116282/'),(428,'Kill Bill: Vol. 1','After awakening from a four-year coma, a former assassin wreaks vengeance on the team of assassins who betrayed her.','https://m.media-amazon.com/images/M/MV5BNzM3NDFhYTAtYmU5Mi00NGRmLTljYjgtMDkyODQ4MjNkMGY2XkEyXkFqcGdeQXVyNzkwMjQ5NzM@._V1_UX182_CR0,0,182,268_AL_.jpg',8.1,'https://www.imdb.com/title/tt0266697/'),(429,'The Deer Hunter','An in-depth examination of the ways in which the U.S. Vietnam War impacts and disrupts the lives of people in a small industrial town in Pennsylvania.','https://m.media-amazon.com/images/M/MV5BNDhmNTA0ZDMtYjhkNS00NzEzLWIzYTItOGNkMTVmYjE2YmI3XkEyXkFqcGdeQXVyNzkwMjQ5NzM@._V1_UX182_CR0,0,182,268_AL_.jpg',8.1,'https://www.imdb.com/title/tt0077416/'),(430,'Stalker','A guide leads two men through an area known as the Zone to find a room that grants wishes.','https://m.media-amazon.com/images/M/MV5BMDgwODNmMGItMDcwYi00OWZjLTgyZjAtMGYwMmI4N2Q0NmJmXkEyXkFqcGdeQXVyNzY1MTU0Njk@._V1_UY268_CR4,0,182,268_AL_.jpg',8.1,'https://www.imdb.com/title/tt0079944/'),(431,'The Truman Show','An insurance salesman discovers his whole life is actually a reality TV show.','https://m.media-amazon.com/images/M/MV5BMDIzODcyY2EtMmY2MC00ZWVlLTgwMzAtMjQwOWUyNmJjNTYyXkEyXkFqcGdeQXVyNDk3NzU2MTQ@._V1_UX182_CR0,0,182,268_AL_.jpg',8.1,'https://www.imdb.com/title/tt0120382/'),(432,'The Big Lebowski','Jeff \"The Dude\" Lebowski, mistaken for a millionaire of the same name, seeks restitution for his ruined rug and enlists his bowling buddies to help get it.','https://m.media-amazon.com/images/M/MV5BMTQ0NjUzMDMyOF5BMl5BanBnXkFtZTgwODA1OTU0MDE@._V1_UX182_CR0,0,182,268_AL_.jpg',8.1,'https://www.imdb.com/title/tt0118715/'),(433,'Tôkyô monogatari','An old couple visit their children and grandchildren in the city; but the children have little time for them.','https://m.media-amazon.com/images/M/MV5BYWQ4ZTRiODktNjAzZC00Nzg1LTk1YWQtNDFmNDI0NmZiNGIwXkEyXkFqcGdeQXVyNzkwMjQ5NzM@._V1_UY268_CR2,0,182,268_AL_.jpg',8.1,'https://www.imdb.com/title/tt0046438/'),(434,'Relatos salvajes','Six short stories that explore the extremities of human behavior involving people in distress.','https://m.media-amazon.com/images/M/MV5BNGQzY2Y0MTgtMDA4OC00NjM3LWI0ZGQtNTJlM2UxZDQxZjI0XkEyXkFqcGdeQXVyNDUzOTQ5MjY@._V1_UY268_CR4,0,182,268_AL_.jpg',8.1,'https://www.imdb.com/title/tt3011894/'),(435,'Mary and Max','A tale of friendship between two unlikely pen pals: Mary, a lonely, eight-year-old girl living in the suburbs of Melbourne, and Max, a forty-four-year old, severely obese man living in New York.','https://m.media-amazon.com/images/M/MV5BMDgzYjQwMDMtNGUzYi00MTRmLWIyMGMtNjE1OGZkNzY2YWIzL2ltYWdlXkEyXkFqcGdeQXVyNjU0OTQ0OTY@._V1_UY268_CR3,0,182,268_AL_.jpg',8.1,'https://www.imdb.com/title/tt0978762/'),(436,'In the Name of the Father','A man\'s coerced confession to an IRA bombing he did not commit results in the imprisonment of his father as well. An English lawyer fights to free them.','https://m.media-amazon.com/images/M/MV5BMmYyOTgwYWItYmU3Ny00M2E2LTk0NWMtMDVlNmQ0MWZiMTMxXkEyXkFqcGdeQXVyNzkwMjQ5NzM@._V1_UX182_CR0,0,182,268_AL_.jpg',8.1,'https://www.imdb.com/title/tt0107207/'),(437,'Gone Girl','With his wife\'s disappearance having become the focus of an intense media circus, a man sees the spotlight turned on him when it\'s suspected that he may not be innocent.','https://m.media-amazon.com/images/M/MV5BMTk0MDQ3MzAzOV5BMl5BanBnXkFtZTgwNzU1NzE3MjE@._V1_UX182_CR0,0,182,268_AL_.jpg',8.1,'https://www.imdb.com/title/tt2267998/'),(438,'Hacksaw Ridge','World War II American Army Medic Desmond T. Doss, who served during the Battle of Okinawa, refuses to kill people, and becomes the first man in American history to receive the Medal of Honor without firing a shot.','https://m.media-amazon.com/images/M/MV5BMjQ1NjM3MTUxNV5BMl5BanBnXkFtZTgwMDc5MTY5OTE@._V1_UX182_CR0,0,182,268_AL_.jpg',8.1,'https://www.imdb.com/title/tt2119532/'),(439,'Sherlock Jr.','A film projectionist longs to be a detective, and puts his meagre skills to work when he is framed by a rival for stealing his girlfriend\'s father\'s pocketwatch.','https://m.media-amazon.com/images/M/MV5BZWFhOGU5NDctY2Q3YS00Y2VlLWI1NzEtZmIwY2ZiZjY4OTA2XkEyXkFqcGdeQXVyMDI2NDg0NQ@@._V1_UX182_CR0,0,182,268_AL_.jpg',8.1,'https://www.imdb.com/title/tt0015324/'),(440,'The General','When Union spies steal an engineer\'s beloved locomotive, he pursues it single-handedly and straight through enemy lines.','https://m.media-amazon.com/images/M/MV5BYmRiMDFlYjYtOTMwYy00OGY2LWE0Y2QtYzQxOGNhZmUwNTIxXkEyXkFqcGdeQXVyNzkwMjQ5NzM@._V1_UX182_CR0,0,182,268_AL_.jpg',8.1,'https://www.imdb.com/title/tt0017925/'),(441,'How to Train Your Dragon','A hapless young Viking who aspires to hunt dragons becomes the unlikely friend of a young dragon himself, and learns there may be more to the creatures than he assumed.','https://m.media-amazon.com/images/M/MV5BMjA5NDQyMjc2NF5BMl5BanBnXkFtZTcwMjg5ODcyMw@@._V1_UX182_CR0,0,182,268_AL_.jpg',8.1,'https://www.imdb.com/title/tt0892769/'),(442,'Mr. Smith Goes to Washington','A naive man is appointed to fill a vacancy in the United States Senate. His plans promptly collide with political corruption, but he doesn\'t back down.','https://m.media-amazon.com/images/M/MV5BZTYwYjYxYzgtMDE1Ni00NzU4LWJlMTEtODQ5YmJmMGJhZjI5L2ltYWdlXkEyXkFqcGdeQXVyMDI2NDg0NQ@@._V1_UX182_CR0,0,182,268_AL_.jpg',8.1,'https://www.imdb.com/title/tt0031679/'),(443,'Memories of Murder','In a small Korean province in 1986, three detectives struggle with the case of multiple young women being found raped and murdered by an unknown culprit.','https://m.media-amazon.com/images/M/MV5BMzhlNGJhYzUtZTNiMi00MjI0LWFjN2MtOTVlN2IxODVkZWVkXkEyXkFqcGdeQXVyMTMxODk2OTU@._V1_UY268_CR1,0,182,268_AL_.jpg',8.1,'https://www.imdb.com/title/tt0353969/'),(444,'The Grand Budapest Hotel','The adventures of Gustave H, a legendary concierge at a famous hotel from the fictional Republic of Zubrowka between the first and second World Wars, and Zero Moustafa, the lobby boy who becomes his most trusted friend.','https://m.media-amazon.com/images/M/MV5BMzM5NjUxOTEyMl5BMl5BanBnXkFtZTgwNjEyMDM0MDE@._V1_UX182_CR0,0,182,268_AL_.jpg',8.1,'https://www.imdb.com/title/tt2278388/'),(445,'Persona','A nurse is put in charge of a mute actress and finds that their personae are melding together.','https://m.media-amazon.com/images/M/MV5BYzI1ZjUwYmEtNWNmNS00NjgyLTlhNmUtNjA2YmFhYmIyMzVkXkEyXkFqcGdeQXVyMTA2ODMzMDU@._V1_UY268_CR5,0,182,268_AL_.jpg',8.1,'https://www.imdb.com/title/tt0060827/'),(446,'Before Sunrise','A young man and woman meet on a train in Europe, and wind up spending one evening together in Vienna. Unfortunately, both know that this will probably be their only night together.','https://m.media-amazon.com/images/M/MV5BZDdiZTAwYzAtMDI3Ni00OTRjLTkzN2UtMGE3MDMyZmU4NTU4XkEyXkFqcGdeQXVyNjU0OTQ0OTY@._V1_UX182_CR0,0,182,268_AL_.jpg',8.1,'https://www.imdb.com/title/tt0112471/'),(447,'Catch Me If You Can','A seasoned FBI agent pursues Frank Abagnale Jr. who, before his 19th birthday, successfully forged millions of dollars\' worth of checks while posing as a Pan Am pilot, a doctor, and a legal prosecutor.','https://m.media-amazon.com/images/M/MV5BMTY5MzYzNjc5NV5BMl5BanBnXkFtZTYwNTUyNTc2._V1_UX182_CR0,0,182,268_AL_.jpg',8.1,'https://www.imdb.com/title/tt0264464/'),(448,'Into the Wild','After graduating from Emory University, top student and athlete Christopher McCandless abandons his possessions, gives his entire $24,000 savings account to charity and hitchhikes to Alaska to live in the wilderness. Along the way, Christopher encounters a series of characters that shape his life.','https://m.media-amazon.com/images/M/MV5BMTAwNDEyODU1MjheQTJeQWpwZ15BbWU2MDc3NDQwNw@@._V1_UX182_CR0,0,182,268_AL_.jpg',8.1,'https://www.imdb.com/title/tt0758758/'),(449,'Cool Hand Luke','A laid back Southern man is sentenced to two years in a rural prison, but refuses to conform.','https://m.media-amazon.com/images/M/MV5BOWFlNzZhYmYtYTI5YS00MDQyLWIyNTUtNTRjMWUwNTEzNjA0XkEyXkFqcGdeQXVyNjUwNzk3NDc@._V1_UX182_CR0,0,182,268_AL_.jpg',8.1,'https://www.imdb.com/title/tt0061512/'),(450,'The Wages of Fear','In a decrepit South American village, four men are hired to transport an urgent nitroglycerine shipment without the equipment that would make it safe.','https://m.media-amazon.com/images/M/MV5BZDdkNzMwZmUtY2Q5MS00ZmM2LWJhYjItYTBjMWY0MGM4MDRjXkEyXkFqcGdeQXVyNTA4NzY1MzY@._V1_UY268_CR1,0,182,268_AL_.jpg',8.1,'https://www.imdb.com/title/tt0046268/'),(451,'12 Years a Slave','In the antebellum United States, Solomon Northup, a free black man from upstate New York, is abducted and sold into slavery.','https://m.media-amazon.com/images/M/MV5BMjExMTEzODkyN15BMl5BanBnXkFtZTcwNTU4NTc4OQ@@._V1_UX182_CR0,0,182,268_AL_.jpg',8.1,'https://www.imdb.com/title/tt2024544/'),(452,'The Red Shoes','A young ballet dancer is torn between the man she loves and her pursuit to become a prima ballerina.','https://m.media-amazon.com/images/M/MV5BOWRmNGEwZjUtZjEwNS00OGZmLThhMmEtZTJlMTU5MGQ3ZWUwXkEyXkFqcGdeQXVyNjc1NTYyMjg@._V1_UX182_CR0,0,182,268_AL_.jpg',8.1,'https://www.imdb.com/title/tt0040725/'),(453,'Prisoners','When Keller Dover\'s daughter and her friend go missing, he takes matters into his own hands as the police pursue multiple leads and the pressure mounts.','https://m.media-amazon.com/images/M/MV5BMTg0NTIzMjQ1NV5BMl5BanBnXkFtZTcwNDc3MzM5OQ@@._V1_UX182_CR0,0,182,268_AL_.jpg',8.1,'https://www.imdb.com/title/tt1392214/'),(454,'Network','A television network cynically exploits a deranged former anchor\'s ravings and revelations about the news media for its own profit.','https://m.media-amazon.com/images/M/MV5BNmFiOWY3ZTktOTYwNy00ZTUzLTk0ODQtNzIxMzQ0ZDFjMTgyXkEyXkFqcGdeQXVyNTc1NTQxODI@._V1_UX182_CR0,0,182,268_AL_.jpg',8.1,'https://www.imdb.com/title/tt0074958/'),(455,'Monty Python\'s Life of Brian','Born on the original Christmas in the stable next door to Jesus, Brian of Nazareth spends his life being mistaken for a messiah.','https://m.media-amazon.com/images/M/MV5BMzAwNjU1OTktYjY3Mi00NDY5LWFlZWUtZjhjNGE0OTkwZDkwXkEyXkFqcGdeQXVyMTQxNzMzNDI@._V1_UX182_CR0,0,182,268_AL_.jpg',8.1,'https://www.imdb.com/title/tt0079470/'),(456,'Stand by Me','After the death of one of his friends, a writer recounts a boyhood journey with his friends to find the body of a missing boy.','https://m.media-amazon.com/images/M/MV5BODJmY2Y2OGQtMDg2My00N2Q3LWJmZTUtYTc2ODBjZDVlNDlhXkEyXkFqcGdeQXVyMTQxNzMzNDI@._V1_UX182_CR0,0,182,268_AL_.jpg',8.1,'https://www.imdb.com/title/tt0092005/'),(457,'Mad Max: Fury Road','In a post-apocalyptic wasteland, a woman rebels against a tyrannical ruler in search for her homeland with the aid of a group of female prisoners, a psychotic worshiper, and a drifter named Max.','https://m.media-amazon.com/images/M/MV5BN2EwM2I5OWMtMGQyMi00Zjg1LWJkNTctZTdjYTA4OGUwZjMyXkEyXkFqcGdeQXVyMTMxODk2OTU@._V1_UX182_CR0,0,182,268_AL_.jpg',8.1,'https://www.imdb.com/title/tt1392190/'),(458,'La passion de Jeanne d\'Arc','In 1431, Jeanne d\'Arc is placed on trial on charges of heresy. The ecclesiastical jurists attempt to force Jeanne to recant her claims of holy visions.','https://m.media-amazon.com/images/M/MV5BNjBjNDJiYTUtOWY0OS00OGVmLTg2YzctMTE0NzVhODM1ZWJmXkEyXkFqcGdeQXVyNjU0OTQ0OTY@._V1_UX182_CR0,0,182,268_AL_.jpg',8.1,'https://www.imdb.com/title/tt0019254/'),(459,'Rang De Basanti','The story of six young Indians who assist an English woman to film a documentary on the freedom fighters from their past, and the events that lead them to relive the long-forgotten saga of freedom.','https://m.media-amazon.com/images/M/MV5BYThmZDA0YmQtMWJhNy00MDQwLTk0Y2YtMDhmZTE5ZjhlNjliXkEyXkFqcGdeQXVyODE5NzE3OTE@._V1_UY268_CR2,0,182,268_AL_.jpg',8.1,'https://www.imdb.com/title/tt0405508/'),(460,'Platoon','A young soldier in Vietnam faces a moral crisis when confronted with the horrors of war and the duality of man.','https://m.media-amazon.com/images/M/MV5BM2Y1NTQyNWYtNDViNy00ZWRhLTk3MTMtOTI3ZGQ5MDFiNWM4XkEyXkFqcGdeQXVyNzkwMjQ5NzM@._V1_UX182_CR0,0,182,268_AL_.jpg',8.1,'https://www.imdb.com/title/tt0091763/'),(461,'Andrei Rublev','The life, times and afflictions of the fifteenth-century Russian iconographer St. Andrei Rublev.','https://m.media-amazon.com/images/M/MV5BMjhkN2Q3MzctNzJiOC00OTc5LWIwOWYtNWRiYWUyMDk0MGZiXkEyXkFqcGdeQXVyNTAyODkwOQ@@._V1_UX182_CR0,0,182,268_AL_.jpg',8.1,'https://www.imdb.com/title/tt0060107/'),(462,'Rush','The merciless 1970s rivalry between Formula One rivals James Hunt and Niki Lauda.','https://m.media-amazon.com/images/M/MV5BOWEwODJmZDItYTNmZC00OGM4LThlNDktOTQzZjIzMGQxODA4XkEyXkFqcGdeQXVyNjU0OTQ0OTY@._V1_UX182_CR0,0,182,268_AL_.jpg',8.1,'https://www.imdb.com/title/tt1979320/'),(463,'Million Dollar Baby','A determined woman works with a hardened boxing trainer to become a professional.','https://m.media-amazon.com/images/M/MV5BMTkxNzA1NDQxOV5BMl5BanBnXkFtZTcwNTkyMTIzMw@@._V1_UX182_CR0,0,182,268_AL_.jpg',8.1,'https://www.imdb.com/title/tt0405159/'),(464,'Hachi: A Dog\'s Tale','A college professor bonds with an abandoned dog he takes into his home.','https://m.media-amazon.com/images/M/MV5BNzE4NDg5OWMtMzg3NC00ZDRjLTllMDMtZTRjNWZmNjBmMGZlXkEyXkFqcGdeQXVyMTMxODk2OTU@._V1_UY268_CR3,0,182,268_AL_.jpg',8.1,'https://www.imdb.com/title/tt1028532/'),(465,'Barry Lyndon','An Irish rogue wins the heart of a rich widow and assumes her dead husband\'s aristocratic position in 18th-century England.','https://m.media-amazon.com/images/M/MV5BNmY0MWY2NDctZDdmMi00MjA1LTk0ZTQtZDMyZTQ1NTNlYzVjXkEyXkFqcGdeQXVyMjUzOTY1NTc@._V1_UX182_CR0,0,182,268_AL_.jpg',8.1,'https://www.imdb.com/title/tt0072684/'),(466,'Logan','In a future where mutants are nearly extinct, an elderly and weary Logan leads a quiet life. But when Laura, a mutant child pursued by scientists, comes to him for help, he must get her to safety.','https://m.media-amazon.com/images/M/MV5BYzc5MTU4N2EtYTkyMi00NjdhLTg3NWEtMTY4OTEyMzJhZTAzXkEyXkFqcGdeQXVyNjc1NTYyMjg@._V1_UX182_CR0,0,182,268_AL_.jpg',8.1,'https://www.imdb.com/title/tt3315342/'),(467,'Ben-Hur','When a Jewish prince is betrayed and sent into slavery by a Roman friend, he regains his freedom and comes back for revenge.','https://m.media-amazon.com/images/M/MV5BNjgxY2JiZDYtZmMwOC00ZmJjLWJmODUtMTNmNWNmYWI5ODkwL2ltYWdlL2ltYWdlXkEyXkFqcGdeQXVyNjc1NTYyMjg@._V1_UX182_CR0,0,182,268_AL_.jpg',8.1,'https://www.imdb.com/title/tt0052618/'),(468,'Nausicaä of the Valley of the Wind','Warrior and pacifist Princess Nausicaä desperately struggles to prevent two warring nations from destroying themselves and their dying planet.','https://m.media-amazon.com/images/M/MV5BODJiNmUzYmQtZTNhNS00NjY0LThmYjMtOTliOTM1NTdkYzY1XkEyXkFqcGdeQXVyNjU0OTQ0OTY@._V1_UY268_CR3,0,182,268_AL_.jpg',8,'https://www.imdb.com/title/tt0087544/'),(469,'Hotel Rwanda','Paul Rusesabagina was a hotel manager who housed over a thousand Tutsi refugees during their struggle against the Hutu militia in Rwanda.','https://m.media-amazon.com/images/M/MV5BZGJjYmIzZmQtNWE4Yy00ZGVmLWJkZGEtMzUzNmQ4ZWFlMjRhXkEyXkFqcGdeQXVyMTMxODk2OTU@._V1_UX182_CR0,0,182,268_AL_.jpg',8,'https://www.imdb.com/title/tt0395169/'),(470,'Amores Perros','A horrific car accident connects three stories, each involving characters dealing with loss, regret, and life\'s harsh realities, all in the name of love.','https://m.media-amazon.com/images/M/MV5BMWJhOTg5MWQtYTJjMi00YmFkLTg4ODgtYmU2YWVhODQ4ZDM3XkEyXkFqcGdeQXVyMTAwMzUyOTc@._V1_UX182_CR0,0,182,268_AL_.jpg',8,'https://www.imdb.com/title/tt0245712/'),(471,'Harry Potter and the Deathly Hallows: Part 2','Harry, Ron, and Hermione search for Voldemort\'s remaining Horcruxes in their effort to destroy the Dark Lord as the final battle rages on at Hogwarts.','https://m.media-amazon.com/images/M/MV5BMjIyZGU4YzUtNDkzYi00ZDRhLTljYzctYTMxMDQ4M2E0Y2YxXkEyXkFqcGdeQXVyNTIzOTk5ODM@._V1_UX182_CR0,0,182,268_AL_.jpg',8,'https://www.imdb.com/title/tt1201607/'),(472,'The 400 Blows','A young boy, left without attention, delves into a life of petty crime.','https://m.media-amazon.com/images/M/MV5BYTQ4MjA4NmYtYjRhNi00MTEwLTg0NjgtNjk3ODJlZGU4NjRkL2ltYWdlL2ltYWdlXkEyXkFqcGdeQXVyNjU0OTQ0OTY@._V1_UY268_CR10,0,182,268_AL_.jpg',8,'https://www.imdb.com/title/tt0053198/'),(473,'Spotlight','The true story of how the Boston Globe uncovered the massive scandal of child molestation and cover-up within the local Catholic Archdiocese, shaking the entire Catholic Church to its core.','https://m.media-amazon.com/images/M/MV5BMjIyOTM5OTIzNV5BMl5BanBnXkFtZTgwMDkzODE2NjE@._V1_UX182_CR0,0,182,268_AL_.jpg',8,'https://www.imdb.com/title/tt1895587/'),(474,'White Heat','A psychopathic criminal with a mother complex makes a daring break from prison and leads his old gang in a chemical plant payroll heist.','https://m.media-amazon.com/images/M/MV5BZmI5NTA3MjItYzdhMi00MWMxLTg3OWMtYWQyYjg5MTFmM2U0L2ltYWdlL2ltYWdlXkEyXkFqcGdeQXVyNjc1NTYyMjg@._V1_UX182_CR0,0,182,268_AL_.jpg',8,'https://www.imdb.com/title/tt0042041/'),(475,'Dead Poets Society','English teacher John Keating inspires his students to look at poetry with a different perspective of authentic knowledge and feelings.','https://m.media-amazon.com/images/M/MV5BOGYwYWNjMzgtNGU4ZC00NWQ2LWEwZjUtMzE1Zjc3NjY3YTU1XkEyXkFqcGdeQXVyMTQxNzMzNDI@._V1_UX182_CR0,0,182,268_AL_.jpg',8,'https://www.imdb.com/title/tt0097165/'),(476,'Ace in the Hole','A frustrated former big-city journalist now stuck working for an Albuquerque newspaper exploits a story about a man trapped in a cave to rekindle his career, but the situation quickly escalates into an out-of-control circus.','https://m.media-amazon.com/images/M/MV5BNDUzZjlhZTYtN2E5MS00ODQ3LWI1ZjgtNzdiZmI0NTZiZTljXkEyXkFqcGdeQXVyMjI4MjA5MzA@._V1_UX182_CR0,0,182,268_AL_.jpg',8,'https://www.imdb.com/title/tt0043338/'),(477,'Rebecca','A self-conscious woman juggles adjusting to her new role as an aristocrat\'s wife and avoiding being intimidated by his first wife\'s spectral presence.','https://m.media-amazon.com/images/M/MV5BZmEwYTRhYmMtODA0NS00NmMyLThjMTctMTVmZmNlMzg2YjEyXkEyXkFqcGdeQXVyMTMxMTY0OTQ@._V1_UY268_CR5,0,182,268_AL_.jpg',8,'https://www.imdb.com/title/tt0032976/'),(478,'Rocky','A small-time boxer gets a supremely rare chance to fight a heavy-weight champion in a bout in which he strives to go the distance for his self-respect.','https://m.media-amazon.com/images/M/MV5BMTY5MDMzODUyOF5BMl5BanBnXkFtZTcwMTQ3NTMyNA@@._V1_UX182_CR0,0,182,268_AL_.jpg',8,'https://www.imdb.com/title/tt0075148/'),(479,'Monsters, Inc.','In order to power the city, monsters have to scare children so that they scream. However, the children are toxic to the monsters, and after a child gets through, 2 monsters realize things may not be what they think.','https://m.media-amazon.com/images/M/MV5BMTY1NTI0ODUyOF5BMl5BanBnXkFtZTgwNTEyNjQ0MDE@._V1_UX182_CR0,0,182,268_AL_.jpg',8,'https://www.imdb.com/title/tt0198781/'),(480,'It Happened One Night','A spoiled heiress running away from her family is helped by a man who is actually a reporter in need of a story.','https://m.media-amazon.com/images/M/MV5BZmViYmM5OTYtNGQ4Ny00YjQyLThiNjEtYTE4MGZhZTNmZjcyL2ltYWdlL2ltYWdlXkEyXkFqcGdeQXVyNjU0OTQ0OTY@._V1_UX182_CR0,0,182,268_AL_.jpg',8,'https://www.imdb.com/title/tt0025316/'),(481,'La Haine','24 hours in the lives of three young men in the French suburbs the day after a violent riot.','https://m.media-amazon.com/images/M/MV5BNDNiOTA5YjktY2Q0Ni00ODgzLWE5MWItNGExOWRlYjY2MjBlXkEyXkFqcGdeQXVyNjQ2MjQ5NzM@._V1_UY268_CR3,0,182,268_AL_.jpg',8,'https://www.imdb.com/title/tt0113247/'),(482,'Gangs of Wasseypur','A clash between Sultan and Shahid Khan leads to the expulsion of Khan from Wasseypur, and ignites a deadly blood feud spanning three generations.','https://m.media-amazon.com/images/M/MV5BMTc5NjY4MjUwNF5BMl5BanBnXkFtZTgwODM3NzM5MzE@._V1_UX182_CR0,0,182,268_AL_.jpg',8,'https://www.imdb.com/title/tt1954470/'),(483,'Ah-ga-ssi','A woman is hired as a handmaiden to a Japanese heiress, but secretly she is involved in a plot to defraud her.','https://m.media-amazon.com/images/M/MV5BNDJhYTk2MTctZmVmOS00OTViLTgxNjQtMzQxOTRiMDdmNGRjXkEyXkFqcGdeQXVyMTMxODk2OTU@._V1_UY268_CR2,0,182,268_AL_.jpg',8,'https://www.imdb.com/title/tt4016934/'),(484,'Lagaan: Once Upon a Time in India','The people of a small village in Victorian India stake their future on a game of cricket against their ruthless British rulers.','https://m.media-amazon.com/images/M/MV5BNDYxNWUzZmYtOGQxMC00MTdkLTkxOTctYzkyOGIwNWQxZjhmXkEyXkFqcGdeQXVyNjU0OTQ0OTY@._V1_UX182_CR0,0,182,268_AL_.jpg',8,'https://www.imdb.com/title/tt0169102/'),(485,'The Princess Bride','While home sick in bed, a young boy\'s grandfather reads him the story of a farmboy-turned-pirate who encounters numerous obstacles, enemies and allies in his quest to be reunited with his true love.','https://m.media-amazon.com/images/M/MV5BMGM4M2Q5N2MtNThkZS00NTc1LTk1NTItNWEyZjJjNDRmNDk5XkEyXkFqcGdeQXVyMjA0MDQ0Mjc@._V1_UX182_CR0,0,182,268_AL_.jpg',8,'https://www.imdb.com/title/tt0093779/'),(486,'PK','An alien on Earth loses the only device he can use to communicate with his spaceship. His innocent nature and child-like questions force the country to evaluate the impact of religion on its people.','https://m.media-amazon.com/images/M/MV5BMTYzOTE2NjkxN15BMl5BanBnXkFtZTgwMDgzMTg0MzE@._V1_UY268_CR1,0,182,268_AL_.jpg',8,'https://www.imdb.com/title/tt2338151/'),(487,'Munna Bhai M.B.B.S.','A gangster sets out to fulfill his father\'s dream of becoming a doctor.','https://m.media-amazon.com/images/M/MV5BMzQ4MTBlYTQtMzJkYS00OGNjLTk1MWYtNzQ0OTQ0OWEyOWU1XkEyXkFqcGdeQXVyNDgyODgxNjE@._V1_UY268_CR3,0,182,268_AL_.jpg',8,'https://www.imdb.com/title/tt0374887/'),(488,'Butch Cassidy and the Sundance Kid','Wyoming, early 1900s. Butch Cassidy and The Sundance Kid are the leaders of a band of outlaws. After a train robbery goes wrong they find themselves on the run with a posse hard on their heels. Their solution - escape to Bolivia.','https://m.media-amazon.com/images/M/MV5BMTkyMTM2NDk5Nl5BMl5BanBnXkFtZTgwNzY1NzEyMDE@._V1_UX182_CR0,0,182,268_AL_.jpg',8,'https://www.imdb.com/title/tt0064115/'),(489,'Before Sunset','Nine years after Jesse and Celine first met, they encounter each other again on the French leg of Jesse\'s book tour.','https://m.media-amazon.com/images/M/MV5BMTQ1MjAwNTM5Ml5BMl5BanBnXkFtZTYwNDM0MTc3._V1_UX182_CR0,0,182,268_AL_.jpg',8,'https://www.imdb.com/title/tt0381681/'),(490,'The Help','An aspiring author during the civil rights movement of the 1960s decides to write a book detailing the African American maids\' point of view on the white families for which they work, and the hardships they go through on a daily basis.','https://m.media-amazon.com/images/M/MV5BMTM5OTMyMjIxOV5BMl5BanBnXkFtZTcwNzU4MjIwNQ@@._V1_UX182_CR0,0,182,268_AL_.jpg',8,'https://www.imdb.com/title/tt1454029/'),(491,'Akira','A secret military project endangers Neo-Tokyo when it turns a biker gang member into a rampaging psychic psychopath who can only be stopped by two teenagers and a group of psychics.','https://m.media-amazon.com/images/M/MV5BM2ZiZTk1ODgtMTZkNS00NTYxLWIxZTUtNWExZGYwZTRjODViXkEyXkFqcGdeQXVyMTE2MzA3MDM@._V1_UX182_CR0,0,182,268_AL_.jpg',8,'https://www.imdb.com/title/tt0094625/'),(492,'The Terminator','A seemingly indestructible robot is sent from 2029 to 1984 to assassinate a young waitress, whose unborn son will lead humanity in a war against sentient machines, while a human soldier from the same war is sent to protect her at all costs.','https://m.media-amazon.com/images/M/MV5BYTViNzMxZjEtZGEwNy00MDNiLWIzNGQtZDY2MjQ1OWViZjFmXkEyXkFqcGdeQXVyNzkwMjQ5NzM@._V1_UX182_CR0,0,182,268_AL_.jpg',8,'https://www.imdb.com/title/tt0088247/'),(493,'In the Mood for Love','Two neighbors, a woman and a man, form a strong bond after both suspect extramarital activities of their spouses. However, they agree to keep their bond platonic so as not to commit similar wrongs.','https://m.media-amazon.com/images/M/MV5BYjZjODRlMjQtMjJlYy00ZDBjLTkyYTQtZGQxZTk5NzJhYmNmXkEyXkFqcGdeQXVyMTQxNzMzNDI@._V1_UY268_CR3,0,182,268_AL_.jpg',8,'https://www.imdb.com/title/tt0118694/'),(494,'Swades: We, the People','A successful Indian scientist returns to an Indian village to take his nanny to America with him and in the process rediscovers his roots.','https://m.media-amazon.com/images/M/MV5BYzExOTcwNjYtZTljMC00YTQ2LWI2YjYtNWFlYzQ0YTJhNzJmXkEyXkFqcGdeQXVyNjQ2MjQ5NzM@._V1_UY268_CR2,0,182,268_AL_.jpg',8,'https://www.imdb.com/title/tt0367110/'),(495,'Paris, Texas','Travis Henderson, an aimless drifter who has been missing for four years, wanders out of the desert and must reconnect with society, himself, his life, and his family.','https://m.media-amazon.com/images/M/MV5BM2RjMmU3ZWItYzBlMy00ZmJkLWE5YzgtNTVkODdhOWM3NGZhXkEyXkFqcGdeQXVyNDA5Mjg5MjA@._V1_UX182_CR0,0,182,268_AL_.jpg',8,'https://www.imdb.com/title/tt0087884/'),(496,'Aladdin','A kindhearted street urchin and a power-hungry Grand Vizier vie for a magic lamp that has the power to make their deepest wishes come true.','https://m.media-amazon.com/images/M/MV5BY2Q2NDI1MjUtM2Q5ZS00MTFlLWJiYWEtNTZmNjQ3OGJkZDgxXkEyXkFqcGdeQXVyNTI4MjkwNjA@._V1_UX182_CR0,0,182,268_AL_.jpg',8,'https://www.imdb.com/title/tt0103639/'),(497,'Guardians of the Galaxy','A group of intergalactic criminals must pull together to stop a fanatical warrior with plans to purge the universe.','https://m.media-amazon.com/images/M/MV5BMTAwMjU5OTgxNjZeQTJeQWpwZ15BbWU4MDUxNDYxODEx._V1_UX182_CR0,0,182,268_AL_.jpg',8,'https://www.imdb.com/title/tt2015381/'),(498,'Infernal Affairs','A story between a mole in the police department and an undercover cop. Their objectives are the same: to find out who is the mole, and who is the cop.','https://m.media-amazon.com/images/M/MV5BM2U0NTcxOTktN2MwZS00N2Q2LWJlYWItMTg0NWIyMDIxNzU5L2ltYWdlXkEyXkFqcGdeQXVyNTAyODkwOQ@@._V1_UY268_CR5,0,182,268_AL_.jpg',8,'https://www.imdb.com/title/tt0338564/'),(499,'The Battle of Algiers','In the 1950s, fear and violence escalate as the people of Algiers fight for independence from the French government.','https://m.media-amazon.com/images/M/MV5BMDgyYWNmZGItYzljYS00MjA5LTg3NWMtYjljYTQxZGI2YTAwXkEyXkFqcGdeQXVyNjgxMDA4OTI@._V1_UY268_CR19,0,182,268_AL_.jpg',8,'https://www.imdb.com/title/tt0058946/'),(500,'El ángel exterminador','The guests at an upper-class dinner party find themselves unable to leave.','https://m.media-amazon.com/images/M/MV5BZjY4MWQzOTktMDlkMy00ZmQzLTk0ZmQtOWVmODAyNWE2YmUzXkEyXkFqcGdeQXVyMjUxOTQ5MzA@._V1_UY268_CR3,0,182,268_AL_.jpg',8,'https://www.imdb.com/title/tt0056732/'),(501,'Solaris','A psychologist is sent to a station orbiting a distant planet in order to discover what has caused the crew to go insane.','https://m.media-amazon.com/images/M/MV5BZmY4Yjc0OWQtZDRhMy00ODc2LWI2NGYtMWFlODYyN2VlNDQyXkEyXkFqcGdeQXVyNjU0OTQ0OTY@._V1_UY268_CR4,0,182,268_AL_.jpg',8,'https://www.imdb.com/title/tt0069293/'),(502,'Laputa: Castle in the Sky','A young boy and a girl with a magic crystal must race against pirates and foreign agents in a search for a legendary floating castle.','https://m.media-amazon.com/images/M/MV5BNTg0NmI1ZGQtZTUxNC00NTgxLThjMDUtZmRlYmEzM2MwOWYwXkEyXkFqcGdeQXVyMzM4MjM0Nzg@._V1_UY268_CR2,0,182,268_AL_.jpg',8,'https://www.imdb.com/title/tt0092067/'),(503,'A Nightmare on Elm Street','The monstrous spirit of a slain child murderer seeks revenge by invading the dreams of teenagers whose parents were responsible for his untimely death.','https://m.media-amazon.com/images/M/MV5BNzFjZmM1ODgtMDBkMS00NWFlLTg2YmUtZjc3ZTgxMjE1OTI2L2ltYWdlXkEyXkFqcGdeQXVyNTAyODkwOQ@@._V1_UX182_CR0,0,182,268_AL_.jpg',7.5,'https://www.imdb.com/title/tt0087800/'),(504,'The Social Network','As Harvard student Mark Zuckerberg creates the social networking site that would become known as Facebook, he is sued by the twins who claimed he stole their idea, and by the co-founder who was later squeezed out of the business.','https://m.media-amazon.com/images/M/MV5BOGUyZDUxZjEtMmIzMC00MzlmLTg4MGItZWJmMzBhZjE0Mjc1XkEyXkFqcGdeQXVyMTMxODk2OTU@._V1_UX182_CR0,0,182,268_AL_.jpg',7.7,'https://www.imdb.com/title/tt1285016/'),(505,'The Big Short','In 2006-2007 a group of investors bet against the US mortgage market. In their research they discover how flawed and corrupt the market is.','https://m.media-amazon.com/images/M/MV5BNDc4MThhN2EtZjMzNC00ZDJmLThiZTgtNThlY2UxZWMzNjdkXkEyXkFqcGdeQXVyNDk3NzU2MTQ@._V1_UX182_CR0,0,182,268_AL_.jpg',7.8,'https://www.imdb.com/title/tt1596363/'),(506,'Star Wars: Episode VIII - The Last Jedi','Rey develops her newly discovered abilities with the guidance of Luke Skywalker, who is unsettled by the strength of her powers. Meanwhile, the Resistance prepares for battle with the First Order.','https://m.media-amazon.com/images/M/MV5BMjQ1MzcxNjg4N15BMl5BanBnXkFtZTgwNzgwMjY4MzI@._V1_UX182_CR0,0,182,268_AL_.jpg',7.1,'https://www.imdb.com/title/tt2527336/'),(507,'Star Wars: Episode VII - The Force Awakens','Three decades after the Empire\'s defeat, a new threat arises in the militant First Order. Defected stormtrooper Finn and the scavenger Rey are caught up in the Resistance\'s search for the missing Luke Skywalker.','https://m.media-amazon.com/images/M/MV5BOTAzODEzNDAzMl5BMl5BanBnXkFtZTgwMDU1MTgzNzE@._V1_UX182_CR0,0,182,268_AL_.jpg',7.9,'https://www.imdb.com/title/tt2488496/'),(508,'John Wick','An ex-hit-man comes out of retirement to track down the gangsters that killed his dog and took everything from him.','https://m.media-amazon.com/images/M/MV5BMTU2NjA1ODgzMF5BMl5BanBnXkFtZTgwMTM2MTI4MjE@._V1_UX182_CR0,0,182,268_AL_.jpg',7.4,'https://www.imdb.com/title/tt2911666/'),(509,'John Wick: Chapter 2','After returning to the criminal underworld to repay a debt, John Wick discovers that a large bounty has been put on his life.','https://m.media-amazon.com/images/M/MV5BMjE2NDkxNTY2M15BMl5BanBnXkFtZTgwMDc2NzE0MTI@._V1_UX182_CR0,0,182,268_AL_.jpg',7.5,'https://www.imdb.com/title/tt4425200/');
/*!40000 ALTER TABLE `movie` ENABLE KEYS */;
UNLOCK TABLES;

--
-- Table structure for table `movie_genre`
--

DROP TABLE IF EXISTS `movie_genre`;
/*!40101 SET @saved_cs_client     = @@character_set_client */;
/*!40101 SET character_set_client = utf8 */;
CREATE TABLE `movie_genre` (
  `movie_id` int(11) NOT NULL,
  `genre_id` int(11) NOT NULL,
  KEY `fk_movie_id_idx` (`movie_id`),
  KEY `fk_genre_id_idx` (`genre_id`),
  CONSTRAINT `fk_genre_id` FOREIGN KEY (`genre_id`) REFERENCES `genre` (`id`),
  CONSTRAINT `fk_movie_id` FOREIGN KEY (`movie_id`) REFERENCES `movie` (`id`)
) ENGINE=InnoDB DEFAULT CHARSET=utf8mb4;
/*!40101 SET character_set_client = @saved_cs_client */;

--
-- Dumping data for table `movie_genre`
--

LOCK TABLES `movie_genre` WRITE;
/*!40000 ALTER TABLE `movie_genre` DISABLE KEYS */;
INSERT INTO `movie_genre` VALUES (252,22),(252,23),(252,24),(253,25),(254,26),(254,25),(255,26),(255,25),(256,22),(256,26),(256,25),(256,27),(257,25),(258,28),(258,25),(258,29),(259,23),(259,25),(259,30),(260,26),(260,25),(261,31),(262,25),(263,23),(263,25),(263,30),(264,25),(264,32),(265,22),(265,23),(265,24),(265,27),(266,22),(266,23),(266,30),(266,24),(267,26),(267,25),(267,27),(268,23),(268,25),(268,30),(269,22),(269,24),(270,25),(271,28),(271,26),(271,25),(272,23),(272,25),(273,26),(273,25),(273,33),(273,27),(274,26),(274,25),(275,34),(275,25),(275,32),(275,35),(276,26),(276,25),(276,27),(277,25),(277,36),(277,30),(278,22),(278,23),(278,30),(278,24),(279,25),(279,35),(280,37),(280,23),(280,36),(280,30),(280,33),(281,26),(281,25),(281,30),(281,33),(282,22),(282,26),(282,25),(282,27),(283,23),(283,25),(283,24),(284,25),(284,29),(285,26),(285,33),(285,27),(286,37),(286,23),(286,25),(286,36),(286,38),(287,25),(288,23),(288,34),(288,24),(289,28),(289,25),(289,39),(289,35),(290,34),(290,25),(290,36),(290,32),(291,22),(291,24),(292,40),(292,33),(292,27),(293,28),(293,34),(293,25),(294,22),(294,23),(294,25),(295,34),(295,25),(295,32),(296,26),(296,25),(296,27),(297,25),(297,39),(298,31),(299,25),(299,33),(299,24),(299,27),(300,25),(300,32),(300,35),(301,37),(301,25),(301,35),(302,22),(302,23),(302,24),(303,33),(303,27),(304,25),(305,40),(305,24),(306,22),(306,23),(307,33),(307,27),(308,25),(308,33),(308,35),(309,34),(309,25),(309,35),(310,34),(310,25),(310,27),(311,25),(311,27),(312,25),(312,31),(313,22),(313,23),(313,24),(314,25),(314,40),(315,37),(315,22),(315,23),(315,36),(315,24),(316,25),(316,35),(317,37),(317,23),(317,36),(317,24),(318,37),(318,23),(318,30),(319,25),(319,41),(320,34),(321,22),(321,25),(321,33),(321,27),(322,26),(322,25),(322,41),(322,33),(322,27),(323,22),(323,27),(324,26),(324,25),(325,22),(325,23),(325,24),(325,27),(326,25),(327,37),(327,25),(327,30),(327,32),(328,37),(328,23),(328,36),(328,30),(328,39),(328,33),(329,28),(329,25),(329,29),(329,35),(330,23),(330,25),(330,27),(330,35),(331,34),(331,25),(332,25),(332,36),(333,22),(333,23),(333,30),(333,24),(334,37),(334,23),(334,34),(334,36),(334,30),(335,26),(335,25),(335,27),(336,28),(336,25),(336,29),(336,39),(337,22),(337,28),(337,25),(337,42),(338,23),(338,25),(338,35),(339,25),(339,32),(340,26),(340,33),(340,27),(341,25),(342,23),(342,24),(343,33),(343,32),(343,27),(344,25),(344,32),(344,24),(345,25),(345,33),(346,25),(347,25),(347,35),(348,23),(348,33),(348,27),(349,26),(349,25),(349,24),(350,34),(350,26),(351,34),(351,25),(351,36),(352,34),(352,32),(353,25),(354,26),(354,25),(355,34),(355,38),(355,32),(356,23),(356,28),(356,25),(356,29),(356,35),(357,26),(357,25),(358,37),(358,23),(358,34),(358,36),(358,30),(359,34),(359,26),(359,25),(360,25),(360,24),(361,31),(362,25),(363,25),(364,26),(364,25),(364,41),(364,33),(364,27),(365,26),(365,25),(366,25),(367,22),(367,23),(368,34),(368,25),(368,32),(369,37),(369,23),(369,34),(369,36),(370,26),(370,25),(370,33),(370,27),(371,23),(371,34),(371,30),(372,25),(372,33),(372,35),(373,26),(373,25),(373,27),(374,26),(374,25),(374,33),(375,22),(375,34),(375,26),(375,25),(375,27),(376,22),(376,23),(377,22),(377,27),(378,25),(378,31),(379,28),(379,34),(379,25),(379,39),(380,28),(380,25),(380,29),(380,35),(381,25),(381,36),(381,42),(382,34),(382,39),(382,32),(383,37),(383,23),(383,36),(383,30),(384,23),(384,25),(384,29),(384,27),(384,35),(385,37),(385,36),(385,30),(386,22),(386,25),(387,28),(387,25),(388,25),(389,25),(389,30),(389,35),(390,25),(390,35),(391,26),(391,25),(392,25),(392,33),(392,32),(392,27),(393,28),(393,25),(393,42),(394,34),(394,26),(395,26),(395,25),(395,27),(396,23),(396,25),(396,31),(397,28),(397,26),(397,25),(398,25),(398,36),(399,25),(399,35),(400,34),(400,26),(400,25),(401,25),(401,33),(401,27),(402,23),(402,34),(402,25),(402,36),(403,26),(403,27),(404,25),(405,37),(405,23),(405,34),(405,25),(405,36),(405,30),(406,22),(406,25),(406,24),(406,27),(407,25),(407,30),(408,25),(408,42),(409,25),(409,27),(410,26),(410,25),(410,27),(411,25),(412,28),(412,25),(413,25),(413,33),(413,27),(414,33),(414,27),(415,26),(415,27),(416,40),(416,33),(416,24),(417,25),(417,29),(417,32),(417,35),(418,23),(418,25),(418,35),(419,22),(419,24),(419,27),(420,41),(420,33),(420,27),(421,26),(421,25),(421,27),(422,25),(422,32),(423,22),(423,23),(423,24),(423,27),(424,37),(424,23),(424,34),(424,36),(425,26),(425,25),(425,27),(426,25),(427,26),(427,25),(427,27),(428,22),(428,26),(428,27),(429,25),(429,35),(430,25),(430,24),(431,34),(431,25),(431,24),(432,34),(432,26),(432,42),(433,25),(434,34),(434,25),(434,27),(435,37),(435,34),(435,25),(436,28),(436,25),(437,25),(437,33),(437,27),(438,28),(438,25),(438,29),(438,35),(439,22),(439,34),(439,32),(440,22),(440,23),(440,34),(440,25),(440,35),(440,31),(441,37),(441,22),(441,23),(441,36),(441,30),(442,34),(442,25),(443,22),(443,26),(443,25),(443,33),(443,27),(444,23),(444,34),(444,26),(445,25),(445,27),(446,25),(446,32),(447,28),(447,26),(447,25),(448,23),(448,28),(448,25),(449,26),(449,25),(450,23),(450,25),(450,27),(451,28),(451,25),(451,29),(452,25),(452,39),(452,32),(453,26),(453,25),(453,33),(453,27),(454,25),(455,34),(456,23),(456,25),(457,22),(457,23),(457,24),(457,27),(458,28),(458,25),(458,29),(459,34),(459,25),(460,25),(460,35),(461,28),(461,25),(461,29),(462,28),(462,25),(462,42),(463,25),(463,42),(464,25),(464,36),(465,23),(465,25),(465,29),(465,35),(466,22),(466,25),(466,24),(466,27),(467,23),(467,25),(467,29),(468,37),(468,23),(468,30),(468,24),(469,28),(469,25),(469,29),(469,35),(470,25),(470,27),(471,23),(471,25),(471,30),(471,33),(472,26),(472,25),(473,28),(473,26),(473,25),(474,22),(474,26),(474,25),(474,41),(475,34),(475,25),(476,25),(476,41),(477,25),(477,33),(477,32),(477,27),(478,25),(478,42),(479,37),(479,23),(479,34),(479,36),(479,30),(480,34),(480,32),(481,26),(481,25),(482,22),(482,34),(482,26),(482,25),(482,27),(483,25),(483,32),(483,27),(484,23),(484,25),(484,38),(484,42),(485,23),(485,36),(485,30),(485,32),(486,34),(486,25),(486,30),(487,34),(487,25),(487,38),(488,28),(488,26),(488,25),(488,31),(489,25),(489,32),(490,25),(491,37),(491,22),(491,25),(491,24),(491,27),(492,22),(492,24),(493,25),(493,32),(494,25),(495,25),(496,37),(496,23),(496,34),(496,36),(496,30),(496,38),(496,32),(497,22),(497,23),(497,34),(497,24),(498,26),(498,25),(498,33),(498,27),(499,25),(499,35),(500,25),(500,30),(501,25),(501,33),(501,24),(502,37),(502,23),(502,25),(502,36),(502,30),(502,24),(503,40),(504,28),(504,25),(505,28),(505,34),(505,25),(505,29),(506,22),(506,23),(506,30),(506,24),(507,22),(507,23),(507,24),(508,22),(508,26),(508,27),(509,22),(509,26),(509,27);
/*!40000 ALTER TABLE `movie_genre` ENABLE KEYS */;
UNLOCK TABLES;

--
-- Table structure for table `movie_posts`
--

DROP TABLE IF EXISTS `movie_posts`;
/*!40101 SET @saved_cs_client     = @@character_set_client */;
/*!40101 SET character_set_client = utf8 */;
CREATE TABLE `movie_posts` (
  `id` int(11) NOT NULL AUTO_INCREMENT,
  `person_id` int(11) NOT NULL,
  `movie_id` int(11) NOT NULL,
  `title` varchar(60) DEFAULT NULL,
  `body` text NOT NULL,
  `upvotes` int(11) NOT NULL DEFAULT '0',
  `downvotes` int(11) NOT NULL DEFAULT '0',
  `created` datetime NOT NULL DEFAULT CURRENT_TIMESTAMP,
  PRIMARY KEY (`id`),
  KEY `fk_mposts_person_id_idx` (`person_id`),
  KEY `fk_mposts_movie_id_idx` (`movie_id`),
  CONSTRAINT `fk_mposts_movie_id` FOREIGN KEY (`movie_id`) REFERENCES `movie` (`id`),
  CONSTRAINT `fk_mposts_person_id` FOREIGN KEY (`person_id`) REFERENCES `person` (`person_id`)
) ENGINE=InnoDB AUTO_INCREMENT=3 DEFAULT CHARSET=utf8mb4;
/*!40101 SET character_set_client = @saved_cs_client */;

--
-- Dumping data for table `movie_posts`
--

LOCK TABLES `movie_posts` WRITE;
/*!40000 ALTER TABLE `movie_posts` DISABLE KEYS */;
INSERT INTO `movie_posts` VALUES (1,1,253,'post title test changed','post title test changed',0,0,'2019-11-29 17:19:53'),(2,1,253,'testpost123','testpost123',0,0,'2019-11-29 19:35:52');
/*!40000 ALTER TABLE `movie_posts` ENABLE KEYS */;
UNLOCK TABLES;

--
-- Table structure for table `movie_review`
--

DROP TABLE IF EXISTS `movie_review`;
/*!40101 SET @saved_cs_client     = @@character_set_client */;
/*!40101 SET character_set_client = utf8 */;
CREATE TABLE `movie_review` (
  `id` int(11) NOT NULL AUTO_INCREMENT,
  `person_id` int(11) NOT NULL,
  `movie_id` int(11) NOT NULL,
  `title` varchar(60) NOT NULL,
  `body` text NOT NULL,
  `upvotes` int(11) NOT NULL DEFAULT '0',
  `downvotes` int(11) NOT NULL DEFAULT '0',
  `created` datetime NOT NULL DEFAULT CURRENT_TIMESTAMP,
  PRIMARY KEY (`id`),
  KEY `fk_review_person_id_idx` (`person_id`),
  KEY `fk_review_movie_id_idx` (`movie_id`),
  CONSTRAINT `fk_review_movie_id` FOREIGN KEY (`movie_id`) REFERENCES `movie` (`id`),
  CONSTRAINT `fk_review_person_id` FOREIGN KEY (`person_id`) REFERENCES `person` (`person_id`)
) ENGINE=InnoDB AUTO_INCREMENT=18 DEFAULT CHARSET=utf8mb4;
/*!40101 SET character_set_client = @saved_cs_client */;

--
-- Dumping data for table `movie_review`
--

LOCK TABLES `movie_review` WRITE;
/*!40000 ALTER TABLE `movie_review` DISABLE KEYS */;
INSERT INTO `movie_review` VALUES (8,1,253,'Review Test 1','Review Body 1',0,0,'2019-11-27 12:00:32'),(14,9,302,'Best movie ever','Nice end to the 10 year mcu run',0,0,'2019-11-27 13:16:31'),(17,1,302,'review by odu','review by odu',0,0,'2019-11-27 17:15:30');
/*!40000 ALTER TABLE `movie_review` ENABLE KEYS */;
UNLOCK TABLES;

--
-- Table structure for table `person`
--

DROP TABLE IF EXISTS `person`;
/*!40101 SET @saved_cs_client     = @@character_set_client */;
/*!40101 SET character_set_client = utf8 */;
CREATE TABLE `person` (
  `person_id` int(11) NOT NULL AUTO_INCREMENT,
  `username` varchar(20) NOT NULL,
  `password` varchar(64) NOT NULL,
  `email` varchar(45) NOT NULL,
  `created` datetime NOT NULL DEFAULT CURRENT_TIMESTAMP,
  PRIMARY KEY (`person_id`)
) ENGINE=InnoDB AUTO_INCREMENT=10 DEFAULT CHARSET=utf8mb4;
/*!40101 SET character_set_client = @saved_cs_client */;

--
-- Dumping data for table `person`
--

LOCK TABLES `person` WRITE;
/*!40000 ALTER TABLE `person` DISABLE KEYS */;
INSERT INTO `person` VALUES (1,'odu','$2b$12$6Qr1Or2QzgMUkCZ.Sb4qo.GTFYSRCpcED4Se22HORZrasa.kwsv.a','test@email.com','2019-10-01 19:09:16'),(2,'test424','$2b$12$0G0qKCm9vAYIZ8IDmzTmd.buGv5CD233C2nPt1y5yUOKOfMiuQlVi','424','2019-11-07 12:13:04'),(3,'newtest','$2b$12$6EVZI9RPZtIaS2rPis.mhuJ6dcleBdTJB6iWejVBZ.M2EBbB1ncVy','newtest@test.com','2019-11-27 10:21:02'),(9,'coderlist','$2b$12$c7CEYhLKdaOC.VUZ56zseOxlGGVeoD8lTr6hgioEruhQZU9JLS8Me','demo@demo','2019-11-27 13:15:19');
/*!40000 ALTER TABLE `person` ENABLE KEYS */;
UNLOCK TABLES;

--
-- Table structure for table `post_comment`
--

DROP TABLE IF EXISTS `post_comment`;
/*!40101 SET @saved_cs_client     = @@character_set_client */;
/*!40101 SET character_set_client = utf8 */;
CREATE TABLE `post_comment` (
  `id` int(11) NOT NULL AUTO_INCREMENT,
  `person_id` int(11) NOT NULL,
  `post_id` int(11) NOT NULL,
  `body` text NOT NULL,
  `upvotes` varchar(45) NOT NULL DEFAULT '0',
  `downvotes` varchar(45) NOT NULL DEFAULT '0',
  `created` datetime NOT NULL DEFAULT CURRENT_TIMESTAMP,
  PRIMARY KEY (`id`),
  KEY `fk_pcomment_person_id_idx` (`person_id`),
  KEY `fk_pcomment_post_id_idx` (`post_id`),
  CONSTRAINT `fk_pcomment_person_id` FOREIGN KEY (`person_id`) REFERENCES `person` (`person_id`),
  CONSTRAINT `fk_pcomment_post_id` FOREIGN KEY (`post_id`) REFERENCES `movie_posts` (`id`)
) ENGINE=InnoDB AUTO_INCREMENT=6 DEFAULT CHARSET=utf8mb4;
/*!40101 SET character_set_client = @saved_cs_client */;

--
-- Dumping data for table `post_comment`
--

LOCK TABLES `post_comment` WRITE;
/*!40000 ALTER TABLE `post_comment` DISABLE KEYS */;
INSERT INTO `post_comment` VALUES (1,1,2,'asd','0','0','2019-11-29 19:39:33'),(2,1,2,'qwe','0','0','2019-11-29 19:41:18'),(3,1,1,'asd','0','0','2019-11-29 19:46:11'),(4,1,1,'hello my name is asodasd','0','0','2019-11-29 19:48:13'),(5,1,1,'test','0','0','2019-11-29 19:48:39');
/*!40000 ALTER TABLE `post_comment` ENABLE KEYS */;
UNLOCK TABLES;

--
-- Table structure for table `review_comment`
--

DROP TABLE IF EXISTS `review_comment`;
/*!40101 SET @saved_cs_client     = @@character_set_client */;
/*!40101 SET character_set_client = utf8 */;
CREATE TABLE `review_comment` (
  `id` int(11) NOT NULL AUTO_INCREMENT,
  `person_id` int(11) NOT NULL,
  `review_id` int(11) NOT NULL,
  `body` text,
  `upvotes` int(11) NOT NULL DEFAULT '0',
  `downvotes` int(11) NOT NULL DEFAULT '0',
  `created` datetime NOT NULL DEFAULT CURRENT_TIMESTAMP,
  PRIMARY KEY (`id`),
  KEY `fk_rc_person_id_idx` (`person_id`),
  KEY `fk_rc_review_id_idx` (`review_id`),
  CONSTRAINT `fk_rc_person_id` FOREIGN KEY (`person_id`) REFERENCES `person` (`person_id`),
  CONSTRAINT `fk_rc_review_id` FOREIGN KEY (`review_id`) REFERENCES `movie_review` (`id`)
) ENGINE=InnoDB AUTO_INCREMENT=13 DEFAULT CHARSET=utf8mb4;
/*!40101 SET character_set_client = @saved_cs_client */;

--
-- Dumping data for table `review_comment`
--

LOCK TABLES `review_comment` WRITE;
/*!40000 ALTER TABLE `review_comment` DISABLE KEYS */;
INSERT INTO `review_comment` VALUES (12,1,8,'asd',0,0,'2019-11-29 17:14:39');
/*!40000 ALTER TABLE `review_comment` ENABLE KEYS */;
UNLOCK TABLES;

--
-- Table structure for table `writer`
--

DROP TABLE IF EXISTS `writer`;
/*!40101 SET @saved_cs_client     = @@character_set_client */;
/*!40101 SET character_set_client = utf8 */;
CREATE TABLE `writer` (
  `id` int(11) NOT NULL AUTO_INCREMENT,
  `writer_name` varchar(200) NOT NULL,
  PRIMARY KEY (`id`),
  UNIQUE KEY `writer_name_UNIQUE` (`writer_name`)
) ENGINE=InnoDB AUTO_INCREMENT=665 DEFAULT CHARSET=utf8mb4;
/*!40101 SET character_set_client = @saved_cs_client */;

--
-- Dumping data for table `writer`
--

LOCK TABLES `writer` WRITE;
/*!40000 ALTER TABLE `writer` DISABLE KEYS */;
INSERT INTO `writer` VALUES (403,'\"Dan OBannon\"'),(523,'\"Gavin OConnor\"'),(597,'\"Renzil DSilva\"'),(590,'Aaron Guzikowski'),(658,'Aaron Sorkin'),(515,'Abby Mann'),(432,'Abhijat Joshi'),(559,'Adam Elliot'),(661,'Adam McKay'),(462,'Adolph Green'),(420,'Agatha Christie'),(630,'Akhilesh Jaiswal'),(358,'Akira Kurosawa'),(499,'Akiva Goldsman'),(396,'Akiyuki Nosaka'),(424,'Alan Ball'),(391,'Alan Mak'),(368,'Albert Hackett'),(444,'Alec Coppel'),(503,'Ales Adamovich'),(433,'Amole Gupte'),(600,'Andrei Tarkovsky'),(360,'Andrew Kevin Walker'),(564,'Andrew Knight'),(554,'Andrew Niccol'),(412,'Andrew Stanton'),(599,'Andrey Konchalovskiy'),(454,'Anthony Burgess'),(524,'Anthony Tambakis'),(631,'Anurag Kashyap'),(535,'Arijit Biswas'),(552,'Arkadiy Strugatskiy'),(443,'Arthur C. Clarke'),(468,'Asghar Farhadi'),(634,'Ashutosh Gowariker'),(511,'B. Traven'),(439,'Ben Affleck'),(659,'Ben Mezrich'),(620,'Ben Roberts'),(492,'Bernd Eichinger'),(461,'Betty Comden'),(537,'Bill Lancaster'),(416,'Billy Wilder'),(356,'Bo Goldman'),(379,'Bob Gale'),(485,'Bob Kane'),(476,'Bob Peterson'),(406,'Bong Joon Ho'),(553,'Boris Strugatskiy'),(362,'Bráulio Mantovani'),(594,'Brendan McCarthy'),(491,'Brian Hayes Currie'),(478,'Brian Helgeland'),(545,'Budd Schulberg'),(567,'Buster Keaton'),(514,'Çagan Irmak'),(411,'Calder Willingham'),(542,'Carl Foreman'),(596,'Carl Theodor Dreyer'),(458,'Cesare Zavattini'),(415,'Charles Brackett'),(382,'Charles Chaplin'),(660,'Charles Randolph'),(446,'Charlie Kaufman'),(328,'Chris McKenna'),(530,'Christopher De Vore'),(398,'Christopher Markus'),(374,'Christopher McQuarrie'),(335,'Christopher Nolan'),(345,'Chuck Palahniuk'),(568,'Clyde Bruckman'),(401,'Cornell Woolrich'),(558,'Damián Szifron'),(392,'Damien Chazelle'),(623,'Daphne Du Maurier'),(549,'Dave Johannson'),(389,'David Franzoni'),(423,'David Giler'),(377,'David McKenna'),(486,'David S. Goyer'),(466,'David S. Ward'),(489,'David Webb Peoples'),(570,'Dean DeBlois'),(481,'Denis Villeneuve'),(534,'Dennis Lehane'),(664,'Derek Kolstad'),(551,'Deric Washburn'),(495,'Diana Wynne Jones'),(582,'Donn Pearce'),(504,'Eduardo Sacheri'),(589,'Emeric Pressburger'),(525,'Emma Donoghue'),(531,'Eric Bergren'),(348,'Eric Roth'),(329,'Erik Sommers'),(453,'Ernest Lehman'),(527,'Ethan Coen'),(603,'F.X. Toole'),(651,'Felix Chong'),(407,'Florian Henckel von Donnersmarck'),(340,'Fran Walsh'),(367,'Frances Goodrich'),(333,'Francis Ford Coppola'),(652,'Franco Solinas'),(615,'François Truffaut'),(579,'Frank Abagnale Jr.'),(331,'Frank Darabont'),(583,'Frank Pierson'),(518,'Frederick Knott'),(656,'Fridrikh Gorenshteyn'),(441,'Fritz Lang'),(467,'Fulvio Morsella'),(642,'Gale Anne Hurd'),(418,'Garon Tsuchiya'),(369,'George Lucas'),(593,'George Miller'),(584,'Georges Arnaud'),(557,'Germán Servidio'),(560,'Gerry Conlon'),(562,'Gillian Flynn'),(402,'Giuseppe Tornatore'),(479,'Graham Chapman'),(544,'Graham Greene'),(456,'Guillaume Laurant'),(612,'Guillermo Arriaga'),(502,'Guillermo del Toro'),(455,'Guy Ritchie'),(543,'Hampton Fancher'),(405,'Han Jin Won'),(588,'Hans Christian Andersen'),(470,'Harper Lee'),(421,'Harry Grey'),(371,'Hayao Miyazaki'),(585,'Henri-Georges Clouzot'),(448,'Herman J. Mankiewicz'),(498,'Hideo Oguni'),(471,'Horton Foote'),(442,'Hubert Selby Jr.'),(475,'I.A.L. Diamond'),(522,'Ingmar Bergman'),(375,'Irene Mecchi'),(528,'Irvine Welsh'),(397,'Isao Takahata'),(619,'Ivan Goff'),(641,'Izô Hashimoto'),(663,'J.J. Abrams'),(614,'J.K. Rowling'),(339,'J.R.R. Tolkien'),(506,'Jake LaMotta'),(383,'James Cameron'),(497,'James Clavell'),(477,'James Ellroy'),(649,'James Gunn'),(607,'James Mangold'),(427,'Jason Katz'),(565,'Jean C. Havez'),(457,'Jean-Pierre Jeunet'),(488,'Jeb Stuart'),(509,'Jeethu Joseph'),(578,'Jeff Nathanson'),(474,'Jeffrey Boam'),(473,'Jihad Hojeily'),(626,'Jill Culton'),(346,'Jim Uhls'),(493,'Joachim Fest'),(526,'Joel Coen'),(480,'John Cleese'),(529,'John Hodge'),(510,'John Huston'),(434,'John Lasseter'),(400,'John Michael Hayes'),(404,'John Milius'),(648,'John Musker'),(586,'John Ridley'),(538,'John W. Campbell Jr.'),(581,'Jon Krakauer'),(334,'Jonathan Nolan'),(376,'Jonathan Roberts'),(513,'Jordan Belfort'),(566,'Joseph A. Mitchell'),(507,'Joseph Carter'),(595,'Joseph Delteil'),(501,'Joseph L. Mankiewicz'),(385,'Joseph Stefano'),(617,'Josh Singer'),(505,'Juan José Campanella'),(637,'Julie Delpy'),(394,'Julius J. Epstein'),(605,'Kaneto Shindô'),(643,'Kar-Wai Wong'),(610,'Karl Tunberg'),(639,'Kathryn Stockett'),(640,'Katsuhiro Ôtomo'),(611,'Keir Pearson'),(577,'Kim Krizan'),(555,'Kôgo Noda'),(573,'Kwang-rim Kim'),(645,'L.M. Kit Carson'),(533,'Laeta Kalogridis'),(354,'Lana Wachowski'),(355,'Lawrence Hauben'),(350,'Lawrence Kasdan'),(426,'Lee Unkrich'),(349,'Leigh Brackett'),(422,'Leonardo Benvenuti'),(622,'Lesser Samuels'),(609,'Lew Wallace'),(572,'Lewis R. Foster'),(353,'Lilly Wachowski'),(430,'Lothar G. Buchheim'),(372,'Luc Besson'),(343,'Luciano Vincenzoni'),(459,'Luigi Bartolini'),(654,'Luis Alcoriza'),(653,'Luis Buñuel'),(532,'M. Night Shyamalan'),(644,'M.G. Sathya'),(494,'Majid Majidi'),(425,'Makoto Shinkai'),(616,'Marcel Moussy'),(539,'Margaret Mitchell'),(332,'Mario Puzo'),(516,'Martin McDonagh'),(629,'Mathieu Kassovitz'),(438,'Matt Damon'),(550,'Michael Cimino'),(546,'Michael Crichton'),(452,'Michael Herr'),(483,'Michael Mann'),(447,'Michel Gondry'),(472,'Nadine Labaki'),(414,'Neil Gaiman'),(357,'Nicholas Pileggi'),(548,'Nick Schenk'),(490,'Nick Vallelonga'),(650,'Nicole Perlman'),(419,'Nobuaki Minegishi'),(460,'Oliver Stone'),(387,'Olivier Nakache'),(449,'Orson Welles'),(591,'Paddy Chayefsky'),(496,'Paul Brickhill'),(602,'Paul Haggis'),(465,'Paul Schrader'),(519,'Paul Thomas Anderson'),(361,'Paulo Lins'),(413,'Pete Docter'),(601,'Peter Morgan'),(435,'Peter Shaffer'),(409,'Phil Lord'),(395,'Philip G. Epstein'),(388,'Philippe Pozzo di Borgo'),(541,'Pierre Boulle'),(436,'Piyush Gupta'),(598,'Prasoon Joshi'),(341,'Quentin Tarantino'),(431,'Rajkumar Hirani'),(428,'Randall Wallace'),(469,'Raymond Chandler'),(592,'Raynold Gideon'),(336,'Reginald Rose'),(662,'Rian Johnson'),(576,'Richard Linklater'),(386,'Robert Bloch'),(464,'Robert Bolt'),(624,'Robert E. Sherwood'),(627,'Robert Riskin'),(370,'Robert Rodat'),(563,'Robert Schenkkan'),(517,'Robert Towne'),(378,'Robert Zemeckis'),(364,'Roberto Benigni'),(487,'Roderick Thorp'),(410,'Rodney Rothman'),(342,'Roger Avary'),(647,'Ron Clements'),(380,'Ronald Harwood'),(521,'Ronnie Del Carmen'),(484,'Ryûnosuke Akutagawa'),(508,'Saeid Shahi'),(646,'Sam Shepard'),(445,'Samuel A. Taylor'),(628,'Samuel Hopkins Adams'),(632,'Sarah Waters'),(608,'Scott Frank'),(352,'Scott Silver'),(580,'Sean Penn'),(633,'Seo-kyeong Jeong'),(393,'Sergio Donati'),(344,'Sergio Leone'),(359,'Shinobu Hashimoto'),(437,'Shreyas Jain'),(571,'Sidney Buchman'),(540,'Sidney Howard'),(587,'Solomon Northup'),(655,'Stanislaw Lem'),(408,'Stanley Kubrick'),(574,'Stefan Zweig'),(330,'Stephen King'),(399,'Stephen McFeely'),(604,'Stephen P. Lindsey'),(613,'Steve Kloves'),(338,'Steven Zaillian'),(625,'Sylvester Stallone'),(500,'Sylvia Nasar'),(463,'T.E. Lawrence'),(638,'Tate Taylor'),(366,'Ted Tally'),(512,'Terence Winter'),(561,'Terry George'),(417,'Terry Southern'),(440,'Thea von Harbou'),(365,'Thomas Harris'),(337,'Thomas Keneally'),(451,'Thomas Vinterberg'),(450,'Tobias Lindholm'),(351,'Todd Phillips'),(618,'Tom McCarthy'),(621,'Tom Schulman'),(520,'Upton Sinclair'),(636,'Vidhu Vinod Chopra'),(363,'Vincenzo Cerami'),(482,'Wajdi Mouawad'),(575,'Wes Anderson'),(657,'Wes Craven'),(569,'William Davies'),(635,'William Goldman'),(606,'William Makepeace Thackeray'),(390,'William Monahan'),(384,'William Wisher'),(347,'Winston Groom'),(381,'Wladyslaw Szpilman'),(429,'Wolfgang Petersen'),(373,'Yasuhiko Takiguchi'),(556,'Yasujirô Ozu'),(547,'Yavuz Turgul'),(536,'Yogesh Chandekar');
/*!40000 ALTER TABLE `writer` ENABLE KEYS */;
UNLOCK TABLES;

--
-- Table structure for table `writer_movie`
--

DROP TABLE IF EXISTS `writer_movie`;
/*!40101 SET @saved_cs_client     = @@character_set_client */;
/*!40101 SET character_set_client = utf8 */;
CREATE TABLE `writer_movie` (
  `movie_id` int(11) NOT NULL,
  `writer_id` int(11) NOT NULL,
  KEY `fk_movie_id_idx` (`movie_id`),
  KEY `fk_writer_id_idx` (`writer_id`),
  CONSTRAINT `fk_wr_movie_id` FOREIGN KEY (`movie_id`) REFERENCES `movie` (`id`),
  CONSTRAINT `fk_writer_id` FOREIGN KEY (`writer_id`) REFERENCES `writer` (`id`)
) ENGINE=InnoDB DEFAULT CHARSET=utf8mb4;
/*!40101 SET character_set_client = @saved_cs_client */;

--
-- Dumping data for table `writer_movie`
--

LOCK TABLES `writer_movie` WRITE;
/*!40000 ALTER TABLE `writer_movie` DISABLE KEYS */;
INSERT INTO `writer_movie` VALUES (252,328),(252,329),(253,330),(253,331),(254,332),(254,333),(255,333),(255,332),(256,334),(256,335),(257,336),(257,336),(258,337),(258,338),(259,339),(259,340),(260,341),(260,342),(261,343),(261,344),(262,345),(262,346),(263,339),(263,340),(264,347),(264,348),(265,335),(266,349),(266,350),(267,351),(267,352),(268,339),(268,340),(269,353),(269,354),(270,355),(270,356),(271,357),(271,357),(272,358),(272,359),(273,360),(274,361),(274,362),(275,363),(275,364),(276,365),(276,366),(277,367),(277,368),(278,369),(279,370),(280,371),(281,330),(281,331),(282,372),(283,334),(283,335),(284,373),(284,359),(285,374),(286,375),(286,376),(287,377),(288,378),(288,379),(289,380),(289,381),(290,382),(291,383),(291,384),(292,385),(292,386),(293,387),(293,388),(294,389),(294,389),(295,382),(296,390),(296,391),(297,392),(298,393),(298,344),(299,334),(299,335),(300,394),(300,395),(301,396),(301,397),(302,398),(302,399),(303,400),(303,401),(304,402),(304,402),(305,403),(305,403),(306,350),(306,369),(307,335),(307,334),(308,404),(308,333),(309,382),(310,405),(310,406),(311,407),(312,341),(313,398),(313,399),(314,330),(314,408),(315,409),(315,410),(316,408),(316,411),(317,412),(317,413),(318,371),(318,414),(319,415),(319,416),(320,408),(320,417),(321,418),(321,419),(322,420),(322,416),(323,334),(323,335),(324,421),(324,422),(325,383),(325,423),(326,424),(327,425),(327,425),(328,426),(328,427),(329,428),(330,429),(330,430),(331,431),(331,432),(332,433),(332,433),(333,350),(333,369),(334,434),(334,413),(335,341),(335,341),(336,435),(336,435),(337,436),(337,437),(338,341),(339,438),(339,439),(340,440),(340,441),(341,442),(341,442),(342,408),(342,443),(343,444),(343,445),(344,446),(344,447),(345,448),(345,449),(346,450),(346,451),(347,408),(347,452),(348,453),(349,408),(349,454),(350,455),(351,382),(352,456),(352,457),(353,458),(353,459),(354,460),(355,461),(355,462),(356,463),(356,464),(357,465),(358,434),(358,412),(359,466),(360,440),(360,440),(361,344),(361,467),(362,358),(362,359),(363,468),(364,416),(364,469),(365,470),(365,471),(366,472),(366,473),(367,474),(367,369),(368,416),(368,475),(369,413),(369,476),(370,477),(370,478),(371,479),(371,480),(372,481),(372,482),(373,483),(374,484),(374,358),(375,358),(375,358),(376,485),(376,486),(377,487),(377,488),(378,489),(379,490),(379,491),(380,492),(380,493),(381,494),(382,416),(382,475),(383,371),(383,495),(384,496),(384,497),(385,371),(386,358),(386,498),(387,499),(387,500),(388,501),(389,502),(390,503),(390,503),(391,357),(391,357),(392,504),(392,505),(393,506),(393,507),(394,455),(395,508),(395,509),(396,510),(396,511),(397,512),(397,513),(398,514),(399,515),(399,515),(400,516),(401,517),(402,382),(403,518),(403,518),(404,519),(404,520),(405,413),(405,521),(406,353),(406,354),(407,522),(407,522),(408,523),(408,524),(409,525),(409,525),(410,526),(410,527),(411,528),(411,529),(412,530),(412,531),(413,532),(414,533),(414,534),(415,535),(415,536),(416,537),(416,538),(417,539),(417,540),(418,541),(418,542),(419,543),(419,489),(420,544),(420,544),(421,545),(421,545),(422,522),(423,546),(423,546),(424,412),(424,412),(425,547),(426,548),(426,549),(427,527),(427,526),(428,341),(428,341),(429,550),(429,551),(430,552),(430,553),(431,554),(432,527),(432,526),(433,555),(433,556),(434,557),(434,558),(435,559),(436,560),(436,561),(437,562),(437,562),(438,563),(438,564),(439,565),(439,566),(440,567),(440,568),(441,569),(441,570),(442,571),(442,572),(443,406),(443,573),(444,574),(444,575),(445,522),(446,576),(446,577),(447,578),(447,579),(448,580),(448,581),(449,582),(449,583),(450,584),(450,585),(451,586),(451,587),(452,588),(452,589),(453,590),(454,591),(455,479),(455,480),(456,330),(456,592),(457,593),(457,594),(458,595),(458,596),(459,597),(459,598),(460,460),(461,599),(461,600),(462,601),(463,602),(463,603),(464,604),(464,605),(465,408),(465,606),(466,607),(466,608),(467,609),(467,610),(468,371),(468,371),(469,611),(469,561),(470,612),(471,613),(471,614),(472,615),(472,616),(473,617),(473,618),(474,619),(474,620),(475,621),(476,416),(476,622),(477,623),(477,624),(478,625),(479,413),(479,626),(480,627),(480,628),(481,629),(482,630),(482,631),(483,632),(483,633),(484,634),(484,634),(485,635),(485,635),(486,431),(486,432),(487,636),(487,431),(488,635),(489,576),(489,637),(490,638),(490,639),(491,640),(491,641),(492,383),(492,642),(493,643),(494,644),(494,634),(495,645),(495,646),(496,647),(496,648),(497,649),(497,650),(498,391),(498,651),(499,652),(499,652),(500,653),(500,654),(501,655),(501,656),(502,371),(503,657),(504,658),(504,659),(505,660),(505,661),(506,662),(506,369),(507,350),(507,663),(508,664),(509,664),(509,664);
/*!40000 ALTER TABLE `writer_movie` ENABLE KEYS */;
UNLOCK TABLES;
/*!40103 SET TIME_ZONE=@OLD_TIME_ZONE */;

/*!40101 SET SQL_MODE=@OLD_SQL_MODE */;
/*!40014 SET FOREIGN_KEY_CHECKS=@OLD_FOREIGN_KEY_CHECKS */;
/*!40014 SET UNIQUE_CHECKS=@OLD_UNIQUE_CHECKS */;
/*!40101 SET CHARACTER_SET_CLIENT=@OLD_CHARACTER_SET_CLIENT */;
/*!40101 SET CHARACTER_SET_RESULTS=@OLD_CHARACTER_SET_RESULTS */;
/*!40101 SET COLLATION_CONNECTION=@OLD_COLLATION_CONNECTION */;
/*!40111 SET SQL_NOTES=@OLD_SQL_NOTES */;

-- Dump completed on 2019-12-02 16:39:05
